record_id,activity,duration_hours,wind_mean,gust_max,rain_max,daylight_fraction,completed_as_planned,notice
DEMO-0000,Turbine installation,1,7.16920,9.81139,2.62391,0.50000,0,Generated demonstration data. Limits are illustrative and must not be used for real lifting operations.
DEMO-0001,Turbine installation,3,6.32649,8.99514,2.83235,0.00000,0,Generated demonstration data. Limits are illustrative and must not be used for real lifting operations.
DEMO-0002,Turbine installation,1,1.00239,7.05033,0.13968,0.50000,1,Generated demonstration data. Limits are illustrative and must not be used for real lifting operations.
DEMO-0003,Turbine installation,1,8.89435,16.86766,2.28022,1.00000,0,Generated demonstration data. Limits are illustrative and must not be used for real lifting operations.
DEMO-0004,Turbine installation,3,3.41952,19.05654,2.21146,1.00000,1,Generated demonstration data. Limits are illustrative and must not be used for real lifting operations.
DEMO-0005,Turbine installation,2,9.56413,18.69715,2.99073,0.00000,0,Generated demonstration data. Limits are illustrative and must not be used for real lifting operations.
DEMO-0006,Turbine installation,5,0.76250,10.69296,1.04361,1.00000,1,Generated demonstration data. Limits are illustrative and must not be used for real lifting operations.
DEMO-0007,Turbine installation,1,14.72081,15.72081,0.85653,0.50000,0,Generated demonstration data. Limits are illustrative and must not be used for real lifting operations.
DEMO-0008,Turbine installation,3,7.03508,13.16506,1.35925,0.50000,1,Generated demonstration data. Limits are illustrative and must not be used for real lifting operations.
DEMO-0009,Turbine installation,4,13.45133,14.84264,2.56973,0.00000,1,Generated demonstration data. Limits are illustrative and must not be used for real lifting operations.
DEMO-0010,Turbine installation,8,7.13342,21.54357,2.18578,1.00000,1,Generated demonstration data. Limits are illustrative and must not be used for real lifting operations.
DEMO-0011,Turbine installation,6,0.90496,20.74682,1.41487,1.00000,1,Generated demonstration data. Limits are illustrative and must not be used for real lifting operations.
DEMO-0012,Turbine installation,8,12.33320,21.48905,0.73369,0.00000,0,Generated demonstration data. Limits are illustrative and must not be used for real lifting operations.
DEMO-0013,Turbine installation,3,9.72276,20.30472,2.18105,0.50000,0,Generated demonstration data. Limits are illustrative and must not be used for real lifting operations.
DEMO-0014,Turbine installation,4,11.72636,22.36246,2.56358,1.00000,0,Generated demonstration data. Limits are illustrative and must not be used for real lifting operations.
DEMO-0015,Turbine installation,4,6.42255,13.37900,1.19985,0.50000,1,Generated demonstration data. Limits are illustrative and must not be used for real lifting operations.
DEMO-0016,Turbine installation,8,9.56905,10.56905,2.00576,0.00000,1,Generated demonstration data. Limits are illustrative and must not be used for real lifting operations.
DEMO-0017,Turbine installation,8,12.84344,13.84344,1.20064,1.00000,1,Generated demonstration data. Limits are illustrative and must not be used for real lifting operations.
DEMO-0018,Turbine installation,8,9.46598,12.02497,1.43548,0.00000,1,Generated demonstration data. Limits are illustrative and must not be used for real lifting operations.
DEMO-0019,Turbine installation,7,5.21510,9.63837,1.57473,0.50000,1,Generated demonstration data. Limits are illustrative and must not be used for real lifting operations.
DEMO-0020,Turbine installation,5,9.93794,10.93794,2.32718,0.50000,1,Generated demonstration data. Limits are illustrative and must not be used for real lifting operations.
DEMO-0021,Turbine installation,5,10.07781,22.15767,2.93252,1.00000,1,Generated demonstration data. Limits are illustrative and must not be used for real lifting operations.
DEMO-0022,Turbine installation,8,14.40880,15.40880,1.33310,0.50000,1,Generated demonstration data. Limits are illustrative and must not be used for real lifting operations.
DEMO-0023,Turbine installation,3,5.56368,22.26883,1.02695,1.00000,1,Generated demonstration data. Limits are illustrative and must not be used for real lifting operations.
DEMO-0024,Turbine installation,3,6.37623,18.69510,1.12077,1.00000,1,Generated demonstration data. Limits are illustrative and must not be used for real lifting operations.
DEMO-0025,Turbine installation,8,12.18184,16.53702,0.40167,1.00000,1,Generated demonstration data. Limits are illustrative and must not be used for real lifting operations.
DEMO-0026,Turbine installation,4,7.58643,17.16834,0.89082,1.00000,1,Generated demonstration data. Limits are illustrative and must not be used for real lifting operations.
DEMO-0027,Turbine installation,2,11.04860,12.04860,0.25934,1.00000,1,Generated demonstration data. Limits are illustrative and must not be used for real lifting operations.
DEMO-0028,Turbine installation,5,6.89564,16.63569,1.28368,1.00000,1,Generated demonstration data. Limits are illustrative and must not be used for real lifting operations.
DEMO-0029,Turbine installation,3,3.23243,8.36046,0.50207,1.00000,1,Generated demonstration data. Limits are illustrative and must not be used for real lifting operations.
DEMO-0030,Turbine installation,8,11.17806,21.87870,1.03922,0.50000,1,Generated demonstration data. Limits are illustrative and must not be used for real lifting operations.
DEMO-0031,Turbine installation,8,1.96733,10.43228,2.38073,0.00000,0,Generated demonstration data. Limits are illustrative and must not be used for real lifting operations.
DEMO-0032,Turbine installation,3,2.97875,9.59336,0.73778,0.00000,1,Generated demonstration data. Limits are illustrative and must not be used for real lifting operations.
DEMO-0033,Turbine installation,5,9.40237,17.80093,1.83568,1.00000,0,Generated demonstration data. Limits are illustrative and must not be used for real lifting operations.
DEMO-0034,Turbine installation,8,11.20905,16.81608,2.70354,0.00000,0,Generated demonstration data. Limits are illustrative and must not be used for real lifting operations.
DEMO-0035,Turbine installation,6,13.42032,14.42032,1.70079,1.00000,0,Generated demonstration data. Limits are illustrative and must not be used for real lifting operations.
DEMO-0036,Turbine installation,2,4.08880,16.38403,0.58138,1.00000,1,Generated demonstration data. Limits are illustrative and must not be used for real lifting operations.
DEMO-0037,Turbine installation,5,1.66086,7.87088,1.03430,0.50000,1,Generated demonstration data. Limits are illustrative and must not be used for real lifting operations.
DEMO-0038,Turbine installation,5,14.34070,17.11991,1.77111,1.00000,0,Generated demonstration data. Limits are illustrative and must not be used for real lifting operations.
DEMO-0039,Turbine installation,6,2.31635,9.87099,1.51983,0.00000,1,Generated demonstration data. Limits are illustrative and must not be used for real lifting operations.
DEMO-0040,Turbine installation,1,2.96500,9.91105,0.44586,0.50000,1,Generated demonstration data. Limits are illustrative and must not be used for real lifting operations.
DEMO-0041,Turbine installation,3,4.36994,7.91924,1.34039,1.00000,1,Generated demonstration data. Limits are illustrative and must not be used for real lifting operations.
DEMO-0042,Turbine installation,7,7.94087,10.98279,1.62920,1.00000,1,Generated demonstration data. Limits are illustrative and must not be used for real lifting operations.
DEMO-0043,Turbine installation,2,13.24238,14.24238,0.80200,0.00000,0,Generated demonstration data. Limits are illustrative and must not be used for real lifting operations.
DEMO-0044,Turbine installation,3,11.40819,13.17522,1.83734,1.00000,0,Generated demonstration data. Limits are illustrative and must not be used for real lifting operations.
DEMO-0045,Turbine installation,3,10.62236,11.62236,0.21048,0.50000,1,Generated demonstration data. Limits are illustrative and must not be used for real lifting operations.
DEMO-0046,Turbine installation,2,2.62771,8.47414,1.00982,1.00000,0,Generated demonstration data. Limits are illustrative and must not be used for real lifting operations.
DEMO-0047,Turbine installation,2,5.36524,14.75129,2.41283,0.50000,1,Generated demonstration data. Limits are illustrative and must not be used for real lifting operations.
DEMO-0048,Turbine installation,3,7.17607,8.17607,0.77785,0.50000,1,Generated demonstration data. Limits are illustrative and must not be used for real lifting operations.
DEMO-0049,Turbine installation,7,2.21139,17.40015,1.81553,0.00000,0,Generated demonstration data. Limits are illustrative and must not be used for real lifting operations.
DEMO-0050,Turbine installation,1,4.10145,21.99105,1.23009,0.50000,1,Generated demonstration data. Limits are illustrative and must not be used for real lifting operations.
DEMO-0051,Turbine installation,3,4.62500,12.68232,0.94938,1.00000,1,Generated demonstration data. Limits are illustrative and must not be used for real lifting operations.
DEMO-0052,Turbine installation,1,1.90914,21.21990,2.74840,1.00000,1,Generated demonstration data. Limits are illustrative and must not be used for real lifting operations.
DEMO-0053,Turbine installation,5,8.25360,9.25360,1.02979,0.00000,1,Generated demonstration data. Limits are illustrative and must not be used for real lifting operations.
DEMO-0054,Turbine installation,3,10.57542,11.57542,0.71003,0.00000,1,Generated demonstration data. Limits are illustrative and must not be used for real lifting operations.
DEMO-0055,Turbine installation,7,1.04897,17.98464,2.72790,1.00000,1,Generated demonstration data. Limits are illustrative and must not be used for real lifting operations.
DEMO-0056,Turbine installation,5,7.21685,18.69839,2.23783,0.50000,0,Generated demonstration data. Limits are illustrative and must not be used for real lifting operations.
DEMO-0057,Turbine installation,7,11.73317,20.17505,2.04540,1.00000,1,Generated demonstration data. Limits are illustrative and must not be used for real lifting operations.
DEMO-0058,Turbine installation,6,11.21985,12.21985,0.14860,0.00000,1,Generated demonstration data. Limits are illustrative and must not be used for real lifting operations.
DEMO-0059,Turbine installation,4,12.22610,18.98433,0.39361,0.50000,0,Generated demonstration data. Limits are illustrative and must not be used for real lifting operations.
DEMO-0060,Turbine installation,7,6.72361,11.77770,1.91502,0.00000,1,Generated demonstration data. Limits are illustrative and must not be used for real lifting operations.
DEMO-0061,Turbine installation,4,12.30836,13.30836,0.62830,1.00000,1,Generated demonstration data. Limits are illustrative and must not be used for real lifting operations.
DEMO-0062,Turbine installation,8,3.61130,8.11443,0.67691,1.00000,1,Generated demonstration data. Limits are illustrative and must not be used for real lifting operations.
DEMO-0063,Turbine installation,8,5.41216,22.92828,2.33742,0.00000,0,Generated demonstration data. Limits are illustrative and must not be used for real lifting operations.
DEMO-0064,Turbine installation,5,2.64533,6.14594,0.85777,0.00000,1,Generated demonstration data. Limits are illustrative and must not be used for real lifting operations.
DEMO-0065,Turbine installation,6,7.01227,19.88614,0.21476,1.00000,0,Generated demonstration data. Limits are illustrative and must not be used for real lifting operations.
DEMO-0066,Turbine installation,3,5.88090,16.51090,0.10930,0.00000,1,Generated demonstration data. Limits are illustrative and must not be used for real lifting operations.
DEMO-0067,Turbine installation,7,3.61391,18.23145,1.32953,1.00000,1,Generated demonstration data. Limits are illustrative and must not be used for real lifting operations.
DEMO-0068,Turbine installation,6,11.27671,17.81091,1.85139,1.00000,0,Generated demonstration data. Limits are illustrative and must not be used for real lifting operations.
DEMO-0069,Turbine installation,8,4.70770,20.45182,2.60666,0.00000,0,Generated demonstration data. Limits are illustrative and must not be used for real lifting operations.
DEMO-0070,Turbine installation,3,4.09206,8.30826,0.33241,0.00000,1,Generated demonstration data. Limits are illustrative and must not be used for real lifting operations.
DEMO-0071,Turbine installation,7,1.96335,5.01484,0.59002,1.00000,1,Generated demonstration data. Limits are illustrative and must not be used for real lifting operations.
DEMO-0072,Turbine installation,4,6.58233,15.77351,1.58940,0.00000,0,Generated demonstration data. Limits are illustrative and must not be used for real lifting operations.
DEMO-0073,Turbine installation,2,4.54447,11.36946,1.09233,0.50000,0,Generated demonstration data. Limits are illustrative and must not be used for real lifting operations.
DEMO-0074,Turbine installation,2,5.53909,7.22817,1.44761,0.00000,1,Generated demonstration data. Limits are illustrative and must not be used for real lifting operations.
DEMO-0075,Turbine installation,5,3.53996,8.35050,2.77237,0.50000,0,Generated demonstration data. Limits are illustrative and must not be used for real lifting operations.
DEMO-0076,Turbine installation,3,11.44733,12.44733,1.63467,0.50000,0,Generated demonstration data. Limits are illustrative and must not be used for real lifting operations.
DEMO-0077,Turbine installation,1,13.95005,14.95005,1.24536,1.00000,0,Generated demonstration data. Limits are illustrative and must not be used for real lifting operations.
DEMO-0078,Turbine installation,4,7.46898,8.46898,2.96832,1.00000,0,Generated demonstration data. Limits are illustrative and must not be used for real lifting operations.
DEMO-0079,Turbine installation,6,9.64498,21.48847,0.19565,0.50000,1,Generated demonstration data. Limits are illustrative and must not be used for real lifting operations.
DEMO-0080,Turbine installation,3,13.00758,14.00758,2.79634,0.50000,1,Generated demonstration data. Limits are illustrative and must not be used for real lifting operations.
DEMO-0081,Turbine installation,8,14.98244,22.68015,1.50499,0.50000,0,Generated demonstration data. Limits are illustrative and must not be used for real lifting operations.
DEMO-0082,Turbine installation,7,9.20275,22.35861,1.51127,1.00000,1,Generated demonstration data. Limits are illustrative and must not be used for real lifting operations.
DEMO-0083,Turbine installation,5,13.34669,14.34669,2.76589,0.00000,0,Generated demonstration data. Limits are illustrative and must not be used for real lifting operations.
DEMO-0084,Turbine installation,8,13.62912,17.86864,1.52197,0.00000,0,Generated demonstration data. Limits are illustrative and must not be used for real lifting operations.
DEMO-0085,Turbine installation,4,11.87177,15.81449,1.31522,0.50000,0,Generated demonstration data. Limits are illustrative and must not be used for real lifting operations.
DEMO-0086,Turbine installation,2,6.91397,17.43165,0.81747,1.00000,1,Generated demonstration data. Limits are illustrative and must not be used for real lifting operations.
DEMO-0087,Turbine installation,1,1.21731,6.73144,1.97645,1.00000,1,Generated demonstration data. Limits are illustrative and must not be used for real lifting operations.
DEMO-0088,Turbine installation,8,0.23708,8.39408,1.70894,0.00000,1,Generated demonstration data. Limits are illustrative and must not be used for real lifting operations.
DEMO-0089,Turbine installation,8,7.15801,8.15801,0.64304,0.00000,1,Generated demonstration data. Limits are illustrative and must not be used for real lifting operations.
DEMO-0090,Turbine installation,6,7.41472,15.87442,2.12824,0.50000,1,Generated demonstration data. Limits are illustrative and must not be used for real lifting operations.
DEMO-0091,Turbine installation,1,6.11044,22.75864,1.93226,0.50000,1,Generated demonstration data. Limits are illustrative and must not be used for real lifting operations.
DEMO-0092,Turbine installation,3,8.52251,17.09572,1.19200,0.50000,1,Generated demonstration data. Limits are illustrative and must not be used for real lifting operations.
DEMO-0093,Turbine installation,1,8.28244,17.79371,0.01320,0.00000,1,Generated demonstration data. Limits are illustrative and must not be used for real lifting operations.
DEMO-0094,Turbine installation,1,12.54920,22.72253,1.33974,1.00000,0,Generated demonstration data. Limits are illustrative and must not be used for real lifting operations.
DEMO-0095,Turbine installation,2,1.62986,17.20421,0.01817,1.00000,1,Generated demonstration data. Limits are illustrative and must not be used for real lifting operations.
DEMO-0096,Turbine installation,5,3.37766,5.72327,0.22500,1.00000,1,Generated demonstration data. Limits are illustrative and must not be used for real lifting operations.
DEMO-0097,Turbine installation,1,11.89507,20.60610,1.29183,0.50000,1,Generated demonstration data. Limits are illustrative and must not be used for real lifting operations.
DEMO-0098,Turbine installation,8,12.71755,13.71755,0.24576,0.00000,0,Generated demonstration data. Limits are illustrative and must not be used for real lifting operations.
DEMO-0099,Turbine installation,4,14.92236,15.92236,0.82700,0.50000,0,Generated demonstration data. Limits are illustrative and must not be used for real lifting operations.
DEMO-0100,Turbine installation,3,13.09368,14.13022,1.96647,0.00000,1,Generated demonstration data. Limits are illustrative and must not be used for real lifting operations.
DEMO-0101,Turbine installation,5,13.34849,21.86627,0.92585,0.00000,1,Generated demonstration data. Limits are illustrative and must not be used for real lifting operations.
DEMO-0102,Turbine installation,7,4.71522,9.63195,2.99295,0.50000,1,Generated demonstration data. Limits are illustrative and must not be used for real lifting operations.
DEMO-0103,Turbine installation,3,6.02492,13.84724,2.74891,0.50000,1,Generated demonstration data. Limits are illustrative and must not be used for real lifting operations.
DEMO-0104,Turbine installation,1,4.02128,8.12798,1.75593,0.00000,1,Generated demonstration data. Limits are illustrative and must not be used for real lifting operations.
DEMO-0105,Turbine installation,1,9.09449,10.09449,2.90084,1.00000,1,Generated demonstration data. Limits are illustrative and must not be used for real lifting operations.
DEMO-0106,Turbine installation,7,14.08208,15.08208,2.60405,0.00000,0,Generated demonstration data. Limits are illustrative and must not be used for real lifting operations.
DEMO-0107,Turbine installation,1,5.16961,18.08620,0.95670,0.50000,1,Generated demonstration data. Limits are illustrative and must not be used for real lifting operations.
DEMO-0108,Turbine installation,6,8.35503,20.55334,2.24879,0.50000,1,Generated demonstration data. Limits are illustrative and must not be used for real lifting operations.
DEMO-0109,Turbine installation,4,4.44449,7.57938,0.41050,0.50000,1,Generated demonstration data. Limits are illustrative and must not be used for real lifting operations.
DEMO-0110,Turbine installation,7,2.54700,10.18973,2.05365,1.00000,1,Generated demonstration data. Limits are illustrative and must not be used for real lifting operations.
DEMO-0111,Turbine installation,1,2.92778,8.51053,1.47325,1.00000,1,Generated demonstration data. Limits are illustrative and must not be used for real lifting operations.
DEMO-0112,Turbine installation,8,0.86918,5.48340,0.05048,1.00000,1,Generated demonstration data. Limits are illustrative and must not be used for real lifting operations.
DEMO-0113,Turbine installation,6,14.23940,15.23940,0.82269,0.50000,0,Generated demonstration data. Limits are illustrative and must not be used for real lifting operations.
DEMO-0114,Turbine installation,4,6.04319,17.59860,2.86615,0.00000,1,Generated demonstration data. Limits are illustrative and must not be used for real lifting operations.
DEMO-0115,Turbine installation,2,12.51181,16.66179,0.94749,0.50000,0,Generated demonstration data. Limits are illustrative and must not be used for real lifting operations.
DEMO-0116,Turbine installation,8,10.21994,11.98496,0.54436,0.50000,0,Generated demonstration data. Limits are illustrative and must not be used for real lifting operations.
DEMO-0117,Turbine installation,3,2.87882,14.99018,0.56259,0.50000,1,Generated demonstration data. Limits are illustrative and must not be used for real lifting operations.
DEMO-0118,Turbine installation,4,2.63193,6.69379,1.43764,0.50000,1,Generated demonstration data. Limits are illustrative and must not be used for real lifting operations.
DEMO-0119,Turbine installation,4,12.17982,13.17982,2.52795,0.00000,0,Generated demonstration data. Limits are illustrative and must not be used for real lifting operations.
DEMO-0120,Turbine installation,2,3.97068,21.77230,2.27401,0.50000,1,Generated demonstration data. Limits are illustrative and must not be used for real lifting operations.
DEMO-0121,Turbine installation,4,13.69928,18.70714,1.31056,1.00000,1,Generated demonstration data. Limits are illustrative and must not be used for real lifting operations.
DEMO-0122,Turbine installation,2,2.10083,21.60930,0.62618,0.50000,1,Generated demonstration data. Limits are illustrative and must not be used for real lifting operations.
DEMO-0123,Turbine installation,1,10.16563,21.50025,0.13819,1.00000,1,Generated demonstration data. Limits are illustrative and must not be used for real lifting operations.
DEMO-0124,Turbine installation,3,12.21711,16.68907,1.38789,1.00000,0,Generated demonstration data. Limits are illustrative and must not be used for real lifting operations.
DEMO-0125,Turbine installation,1,3.52885,21.70830,2.44433,1.00000,1,Generated demonstration data. Limits are illustrative and must not be used for real lifting operations.
DEMO-0126,Turbine installation,4,4.14311,12.50067,2.18905,0.00000,1,Generated demonstration data. Limits are illustrative and must not be used for real lifting operations.
DEMO-0127,Turbine installation,7,14.46778,15.46778,1.22580,1.00000,0,Generated demonstration data. Limits are illustrative and must not be used for real lifting operations.
DEMO-0128,Turbine installation,2,3.96896,6.12628,1.78411,0.50000,1,Generated demonstration data. Limits are illustrative and must not be used for real lifting operations.
DEMO-0129,Turbine installation,1,6.44936,7.44936,1.30874,0.50000,1,Generated demonstration data. Limits are illustrative and must not be used for real lifting operations.
DEMO-0130,Turbine installation,1,6.48773,7.48773,1.73705,0.50000,1,Generated demonstration data. Limits are illustrative and must not be used for real lifting operations.
DEMO-0131,Turbine installation,5,3.79552,11.33064,1.55252,0.00000,1,Generated demonstration data. Limits are illustrative and must not be used for real lifting operations.
DEMO-0132,Turbine installation,3,11.63687,17.62287,2.04290,1.00000,0,Generated demonstration data. Limits are illustrative and must not be used for real lifting operations.
DEMO-0133,Turbine installation,4,11.57774,19.23168,1.52313,0.50000,0,Generated demonstration data. Limits are illustrative and must not be used for real lifting operations.
DEMO-0134,Turbine installation,1,5.67477,15.62384,2.82183,1.00000,1,Generated demonstration data. Limits are illustrative and must not be used for real lifting operations.
DEMO-0135,Turbine installation,3,12.52689,13.52689,1.28408,1.00000,0,Generated demonstration data. Limits are illustrative and must not be used for real lifting operations.
DEMO-0136,Turbine installation,4,3.19612,18.46223,0.04775,0.50000,1,Generated demonstration data. Limits are illustrative and must not be used for real lifting operations.
DEMO-0137,Turbine installation,4,0.06459,11.38643,0.70912,1.00000,1,Generated demonstration data. Limits are illustrative and must not be used for real lifting operations.
DEMO-0138,Turbine installation,5,8.56751,9.56751,1.50182,0.50000,1,Generated demonstration data. Limits are illustrative and must not be used for real lifting operations.
DEMO-0139,Turbine installation,7,14.91117,15.91117,1.62172,0.50000,1,Generated demonstration data. Limits are illustrative and must not be used for real lifting operations.
DEMO-0140,Turbine installation,4,0.57966,10.95081,1.65715,1.00000,1,Generated demonstration data. Limits are illustrative and must not be used for real lifting operations.
DEMO-0141,Turbine installation,7,3.11997,9.93642,2.14366,1.00000,1,Generated demonstration data. Limits are illustrative and must not be used for real lifting operations.
DEMO-0142,Turbine installation,5,7.78372,19.61366,0.82394,1.00000,1,Generated demonstration data. Limits are illustrative and must not be used for real lifting operations.
DEMO-0143,Turbine installation,3,12.14911,18.67868,1.99471,1.00000,1,Generated demonstration data. Limits are illustrative and must not be used for real lifting operations.
DEMO-0144,Turbine installation,2,1.33563,17.51994,2.11210,0.50000,1,Generated demonstration data. Limits are illustrative and must not be used for real lifting operations.
DEMO-0145,Turbine installation,3,5.92852,7.50209,1.23384,1.00000,1,Generated demonstration data. Limits are illustrative and must not be used for real lifting operations.
DEMO-0146,Turbine installation,5,11.20614,19.54101,1.20651,0.00000,1,Generated demonstration data. Limits are illustrative and must not be used for real lifting operations.
DEMO-0147,Turbine installation,2,5.57315,17.18917,0.53677,1.00000,1,Generated demonstration data. Limits are illustrative and must not be used for real lifting operations.
DEMO-0148,Turbine installation,8,2.83255,8.50708,1.24196,0.50000,1,Generated demonstration data. Limits are illustrative and must not be used for real lifting operations.
DEMO-0149,Turbine installation,4,2.93244,16.66569,2.36045,0.50000,1,Generated demonstration data. Limits are illustrative and must not be used for real lifting operations.
DEMO-0150,Turbine installation,7,6.15073,13.70321,2.72692,1.00000,0,Generated demonstration data. Limits are illustrative and must not be used for real lifting operations.
DEMO-0151,Turbine installation,6,7.19126,12.90830,1.78084,0.00000,1,Generated demonstration data. Limits are illustrative and must not be used for real lifting operations.
DEMO-0152,Turbine installation,3,12.92722,13.92722,0.89811,1.00000,1,Generated demonstration data. Limits are illustrative and must not be used for real lifting operations.
DEMO-0153,Turbine installation,2,9.63379,14.32948,2.04687,0.50000,1,Generated demonstration data. Limits are illustrative and must not be used for real lifting operations.
DEMO-0154,Turbine installation,6,10.35603,11.35603,2.22044,0.50000,1,Generated demonstration data. Limits are illustrative and must not be used for real lifting operations.
DEMO-0155,Turbine installation,3,14.74481,15.74481,0.99664,0.00000,0,Generated demonstration data. Limits are illustrative and must not be used for real lifting operations.
DEMO-0156,Turbine installation,2,6.17765,7.38583,2.47964,0.50000,1,Generated demonstration data. Limits are illustrative and must not be used for real lifting operations.
DEMO-0157,Turbine installation,8,6.05032,22.17395,0.22109,1.00000,1,Generated demonstration data. Limits are illustrative and must not be used for real lifting operations.
DEMO-0158,Turbine installation,4,13.85020,14.85020,0.03226,0.00000,1,Generated demonstration data. Limits are illustrative and must not be used for real lifting operations.
DEMO-0159,Turbine installation,1,3.68813,11.39368,0.36891,0.50000,1,Generated demonstration data. Limits are illustrative and must not be used for real lifting operations.
DEMO-0160,Turbine installation,4,10.94723,11.94723,0.46803,1.00000,0,Generated demonstration data. Limits are illustrative and must not be used for real lifting operations.
DEMO-0161,Turbine installation,4,11.31860,21.16851,2.63679,0.50000,0,Generated demonstration data. Limits are illustrative and must not be used for real lifting operations.
DEMO-0162,Turbine installation,7,1.46682,15.13339,1.27495,0.50000,1,Generated demonstration data. Limits are illustrative and must not be used for real lifting operations.
DEMO-0163,Turbine installation,6,7.02347,21.54488,0.82480,0.50000,0,Generated demonstration data. Limits are illustrative and must not be used for real lifting operations.
DEMO-0164,Turbine installation,2,3.00844,10.39865,1.28723,0.00000,1,Generated demonstration data. Limits are illustrative and must not be used for real lifting operations.
DEMO-0165,Turbine installation,2,2.78063,7.06702,1.18452,0.50000,1,Generated demonstration data. Limits are illustrative and must not be used for real lifting operations.
DEMO-0166,Turbine installation,5,6.95742,15.01193,0.90439,1.00000,0,Generated demonstration data. Limits are illustrative and must not be used for real lifting operations.
DEMO-0167,Turbine installation,1,4.34145,11.21967,0.41370,0.50000,1,Generated demonstration data. Limits are illustrative and must not be used for real lifting operations.
DEMO-0168,Turbine installation,3,11.94091,19.43432,1.96775,0.50000,1,Generated demonstration data. Limits are illustrative and must not be used for real lifting operations.
DEMO-0169,Turbine installation,2,13.61407,20.82962,0.40981,0.00000,0,Generated demonstration data. Limits are illustrative and must not be used for real lifting operations.
DEMO-0170,Turbine installation,1,12.04081,13.50632,2.32627,1.00000,1,Generated demonstration data. Limits are illustrative and must not be used for real lifting operations.
DEMO-0171,Turbine installation,8,3.99046,22.48446,0.60506,1.00000,1,Generated demonstration data. Limits are illustrative and must not be used for real lifting operations.
DEMO-0172,Turbine installation,1,4.11202,14.95423,2.19411,1.00000,1,Generated demonstration data. Limits are illustrative and must not be used for real lifting operations.
DEMO-0173,Turbine installation,1,3.82093,9.87657,2.41676,0.50000,1,Generated demonstration data. Limits are illustrative and must not be used for real lifting operations.
DEMO-0174,Turbine installation,8,2.02557,13.80156,0.37598,0.50000,1,Generated demonstration data. Limits are illustrative and must not be used for real lifting operations.
DEMO-0175,Turbine installation,2,14.15698,15.15698,0.26024,0.50000,1,Generated demonstration data. Limits are illustrative and must not be used for real lifting operations.
DEMO-0176,Turbine installation,7,6.03072,19.47202,2.84872,0.00000,1,Generated demonstration data. Limits are illustrative and must not be used for real lifting operations.
DEMO-0177,Turbine installation,1,3.37034,6.82583,1.38914,0.00000,1,Generated demonstration data. Limits are illustrative and must not be used for real lifting operations.
DEMO-0178,Turbine installation,2,12.70007,13.70007,1.89071,0.50000,0,Generated demonstration data. Limits are illustrative and must not be used for real lifting operations.
DEMO-0179,Turbine installation,1,5.98793,15.17570,0.06978,0.50000,1,Generated demonstration data. Limits are illustrative and must not be used for real lifting operations.
DEMO-0180,Turbine installation,6,0.52675,5.77355,0.83613,0.00000,1,Generated demonstration data. Limits are illustrative and must not be used for real lifting operations.
DEMO-0181,Turbine installation,5,2.42912,6.42770,1.51619,1.00000,1,Generated demonstration data. Limits are illustrative and must not be used for real lifting operations.
DEMO-0182,Turbine installation,4,9.58876,17.53009,2.65865,0.50000,0,Generated demonstration data. Limits are illustrative and must not be used for real lifting operations.
DEMO-0183,Turbine installation,2,11.74358,12.74358,0.81432,1.00000,1,Generated demonstration data. Limits are illustrative and must not be used for real lifting operations.
DEMO-0184,Turbine installation,1,3.16402,13.58749,2.32557,0.00000,1,Generated demonstration data. Limits are illustrative and must not be used for real lifting operations.
DEMO-0185,Turbine installation,5,13.76093,14.76093,1.98664,0.00000,0,Generated demonstration data. Limits are illustrative and must not be used for real lifting operations.
DEMO-0186,Turbine installation,2,12.76496,13.76496,0.34581,0.00000,1,Generated demonstration data. Limits are illustrative and must not be used for real lifting operations.
DEMO-0187,Turbine installation,5,12.72571,13.72571,0.88013,1.00000,1,Generated demonstration data. Limits are illustrative and must not be used for real lifting operations.
DEMO-0188,Turbine installation,6,3.41492,18.74140,0.71359,0.00000,1,Generated demonstration data. Limits are illustrative and must not be used for real lifting operations.
DEMO-0189,Turbine installation,7,0.75804,22.12776,1.32758,1.00000,0,Generated demonstration data. Limits are illustrative and must not be used for real lifting operations.
DEMO-0190,Turbine installation,4,13.01135,14.01135,1.90600,1.00000,1,Generated demonstration data. Limits are illustrative and must not be used for real lifting operations.
DEMO-0191,Turbine installation,1,4.58700,22.27426,1.30026,0.00000,0,Generated demonstration data. Limits are illustrative and must not be used for real lifting operations.
DEMO-0192,Turbine installation,3,9.28375,15.70573,0.73361,0.50000,0,Generated demonstration data. Limits are illustrative and must not be used for real lifting operations.
DEMO-0193,Turbine installation,7,11.39950,16.54989,2.08764,0.00000,1,Generated demonstration data. Limits are illustrative and must not be used for real lifting operations.
DEMO-0194,Turbine installation,5,1.92440,17.77867,1.75341,0.50000,1,Generated demonstration data. Limits are illustrative and must not be used for real lifting operations.
DEMO-0195,Turbine installation,5,11.71258,17.67414,1.55794,0.00000,0,Generated demonstration data. Limits are illustrative and must not be used for real lifting operations.
DEMO-0196,Turbine installation,4,14.07767,19.75660,1.66326,1.00000,0,Generated demonstration data. Limits are illustrative and must not be used for real lifting operations.
DEMO-0197,Turbine installation,2,10.92562,13.70244,0.66570,1.00000,1,Generated demonstration data. Limits are illustrative and must not be used for real lifting operations.
DEMO-0198,Turbine installation,8,6.61834,14.60045,2.04129,0.00000,0,Generated demonstration data. Limits are illustrative and must not be used for real lifting operations.
DEMO-0199,Turbine installation,7,13.15017,14.15017,1.16250,0.00000,0,Generated demonstration data. Limits are illustrative and must not be used for real lifting operations.
DEMO-0200,Turbine installation,8,7.91186,8.91186,1.09040,1.00000,1,Generated demonstration data. Limits are illustrative and must not be used for real lifting operations.
DEMO-0201,Turbine installation,7,11.17156,16.96352,0.44920,0.50000,0,Generated demonstration data. Limits are illustrative and must not be used for real lifting operations.
DEMO-0202,Turbine installation,3,12.30759,13.30759,1.79051,0.50000,1,Generated demonstration data. Limits are illustrative and must not be used for real lifting operations.
DEMO-0203,Turbine installation,3,11.24029,12.24029,1.80799,1.00000,1,Generated demonstration data. Limits are illustrative and must not be used for real lifting operations.
DEMO-0204,Turbine installation,2,4.31782,6.69614,1.02090,0.00000,1,Generated demonstration data. Limits are illustrative and must not be used for real lifting operations.
DEMO-0205,Turbine installation,8,1.76766,8.43309,2.57955,1.00000,0,Generated demonstration data. Limits are illustrative and must not be used for real lifting operations.
DEMO-0206,Turbine installation,5,3.57508,16.49716,2.53637,0.50000,0,Generated demonstration data. Limits are illustrative and must not be used for real lifting operations.
DEMO-0207,Turbine installation,4,7.54312,16.31258,0.32716,0.50000,1,Generated demonstration data. Limits are illustrative and must not be used for real lifting operations.
DEMO-0208,Turbine installation,8,7.57915,12.57899,2.08512,0.50000,1,Generated demonstration data. Limits are illustrative and must not be used for real lifting operations.
DEMO-0209,Turbine installation,5,8.73967,9.73967,1.18150,1.00000,1,Generated demonstration data. Limits are illustrative and must not be used for real lifting operations.
DEMO-0210,Turbine installation,8,5.92653,12.80073,2.99914,0.50000,1,Generated demonstration data. Limits are illustrative and must not be used for real lifting operations.
DEMO-0211,Turbine installation,8,11.80337,12.80337,0.67507,0.00000,1,Generated demonstration data. Limits are illustrative and must not be used for real lifting operations.
DEMO-0212,Turbine installation,1,13.69731,17.96826,0.84157,0.00000,1,Generated demonstration data. Limits are illustrative and must not be used for real lifting operations.
DEMO-0213,Turbine installation,3,3.70088,15.42248,1.32632,1.00000,1,Generated demonstration data. Limits are illustrative and must not be used for real lifting operations.
DEMO-0214,Turbine installation,6,11.04785,13.84818,0.80615,0.50000,1,Generated demonstration data. Limits are illustrative and must not be used for real lifting operations.
DEMO-0215,Turbine installation,7,10.16958,13.76568,2.07598,0.00000,0,Generated demonstration data. Limits are illustrative and must not be used for real lifting operations.
DEMO-0216,Turbine installation,2,7.84636,22.39334,1.44272,0.00000,0,Generated demonstration data. Limits are illustrative and must not be used for real lifting operations.
DEMO-0217,Turbine installation,3,2.82795,18.61330,0.66264,0.00000,1,Generated demonstration data. Limits are illustrative and must not be used for real lifting operations.
DEMO-0218,Turbine installation,5,11.92848,13.94563,1.51912,1.00000,1,Generated demonstration data. Limits are illustrative and must not be used for real lifting operations.
DEMO-0219,Turbine installation,7,14.40939,15.40939,2.66636,1.00000,0,Generated demonstration data. Limits are illustrative and must not be used for real lifting operations.
DEMO-0220,Turbine installation,1,10.82754,11.82754,2.37719,0.50000,1,Generated demonstration data. Limits are illustrative and must not be used for real lifting operations.
DEMO-0221,Turbine installation,5,13.76790,21.96517,1.49649,0.00000,0,Generated demonstration data. Limits are illustrative and must not be used for real lifting operations.
DEMO-0222,Turbine installation,3,14.76278,15.76278,0.86548,0.50000,0,Generated demonstration data. Limits are illustrative and must not be used for real lifting operations.
DEMO-0223,Turbine installation,2,5.28076,9.60690,0.53966,0.00000,1,Generated demonstration data. Limits are illustrative and must not be used for real lifting operations.
DEMO-0224,Turbine installation,5,9.57335,22.98936,2.63515,0.50000,0,Generated demonstration data. Limits are illustrative and must not be used for real lifting operations.
DEMO-0225,Turbine installation,4,7.10899,17.93641,2.13050,0.50000,1,Generated demonstration data. Limits are illustrative and must not be used for real lifting operations.
DEMO-0226,Turbine installation,6,14.79943,15.79943,1.71649,1.00000,1,Generated demonstration data. Limits are illustrative and must not be used for real lifting operations.
DEMO-0227,Turbine installation,3,1.40712,6.11394,2.63830,0.00000,1,Generated demonstration data. Limits are illustrative and must not be used for real lifting operations.
DEMO-0228,Turbine installation,7,6.18562,7.18562,0.36507,0.00000,1,Generated demonstration data. Limits are illustrative and must not be used for real lifting operations.
DEMO-0229,Turbine installation,1,13.13309,15.79314,2.04747,0.00000,1,Generated demonstration data. Limits are illustrative and must not be used for real lifting operations.
DEMO-0230,Turbine installation,7,4.26077,6.28816,0.65014,0.50000,1,Generated demonstration data. Limits are illustrative and must not be used for real lifting operations.
DEMO-0231,Turbine installation,1,11.81689,21.80099,0.36173,0.50000,1,Generated demonstration data. Limits are illustrative and must not be used for real lifting operations.
DEMO-0232,Turbine installation,6,5.74175,21.86432,1.39683,0.00000,1,Generated demonstration data. Limits are illustrative and must not be used for real lifting operations.
DEMO-0233,Turbine installation,3,14.69968,15.69968,1.16218,1.00000,1,Generated demonstration data. Limits are illustrative and must not be used for real lifting operations.
DEMO-0234,Turbine installation,4,13.25295,16.09950,2.82352,0.50000,0,Generated demonstration data. Limits are illustrative and must not be used for real lifting operations.
DEMO-0235,Turbine installation,1,4.51981,10.25410,0.97194,1.00000,1,Generated demonstration data. Limits are illustrative and must not be used for real lifting operations.
DEMO-0236,Turbine installation,6,11.55290,12.55290,2.44471,0.50000,1,Generated demonstration data. Limits are illustrative and must not be used for real lifting operations.
DEMO-0237,Turbine installation,2,5.05285,18.27429,2.24648,0.00000,0,Generated demonstration data. Limits are illustrative and must not be used for real lifting operations.
DEMO-0238,Turbine installation,6,9.09544,10.09544,2.00377,0.00000,0,Generated demonstration data. Limits are illustrative and must not be used for real lifting operations.
DEMO-0239,Turbine installation,6,9.87721,10.87721,2.76120,0.50000,1,Generated demonstration data. Limits are illustrative and must not be used for real lifting operations.
DEMO-0240,Turbine installation,7,12.44393,13.44393,1.22377,0.50000,1,Generated demonstration data. Limits are illustrative and must not be used for real lifting operations.
DEMO-0241,Turbine installation,6,0.36676,5.22438,1.16901,1.00000,1,Generated demonstration data. Limits are illustrative and must not be used for real lifting operations.
DEMO-0242,Turbine installation,3,3.30237,12.81264,0.48284,1.00000,1,Generated demonstration data. Limits are illustrative and must not be used for real lifting operations.
DEMO-0243,Turbine installation,6,10.67877,17.73826,0.82729,0.00000,1,Generated demonstration data. Limits are illustrative and must not be used for real lifting operations.
DEMO-0244,Turbine installation,7,8.45285,19.42428,2.63933,0.00000,0,Generated demonstration data. Limits are illustrative and must not be used for real lifting operations.
DEMO-0245,Turbine installation,3,7.43408,15.87753,1.42315,0.00000,0,Generated demonstration data. Limits are illustrative and must not be used for real lifting operations.
DEMO-0246,Turbine installation,1,0.82815,20.24374,1.02406,0.00000,1,Generated demonstration data. Limits are illustrative and must not be used for real lifting operations.
DEMO-0247,Turbine installation,8,5.22414,12.31704,0.64834,0.00000,0,Generated demonstration data. Limits are illustrative and must not be used for real lifting operations.
DEMO-0248,Turbine installation,2,12.97650,20.27790,1.45488,0.00000,1,Generated demonstration data. Limits are illustrative and must not be used for real lifting operations.
DEMO-0249,Turbine installation,5,0.46339,14.11652,2.15000,0.50000,1,Generated demonstration data. Limits are illustrative and must not be used for real lifting operations.
DEMO-0250,Turbine installation,2,5.94654,9.01465,0.86008,0.00000,1,Generated demonstration data. Limits are illustrative and must not be used for real lifting operations.
DEMO-0251,Turbine installation,2,14.17722,21.99462,2.27315,0.00000,1,Generated demonstration data. Limits are illustrative and must not be used for real lifting operations.
DEMO-0252,Turbine installation,7,0.76321,9.94948,1.88936,0.00000,0,Generated demonstration data. Limits are illustrative and must not be used for real lifting operations.
DEMO-0253,Turbine installation,2,11.24559,12.24559,2.36269,1.00000,1,Generated demonstration data. Limits are illustrative and must not be used for real lifting operations.
DEMO-0254,Turbine installation,6,3.86419,9.36813,0.75273,0.50000,1,Generated demonstration data. Limits are illustrative and must not be used for real lifting operations.
DEMO-0255,Turbine installation,6,12.99913,13.99913,1.89308,1.00000,1,Generated demonstration data. Limits are illustrative and must not be used for real lifting operations.
DEMO-0256,Turbine installation,1,11.19102,12.19102,0.46121,0.00000,0,Generated demonstration data. Limits are illustrative and must not be used for real lifting operations.
DEMO-0257,Turbine installation,2,13.28558,14.44402,1.09139,0.00000,0,Generated demonstration data. Limits are illustrative and must not be used for real lifting operations.
DEMO-0258,Turbine installation,7,3.23887,20.89628,2.17308,0.50000,1,Generated demonstration data. Limits are illustrative and must not be used for real lifting operations.
DEMO-0259,Turbine installation,5,7.96939,10.26209,1.89501,0.50000,1,Generated demonstration data. Limits are illustrative and must not be used for real lifting operations.
DEMO-0260,Turbine installation,1,11.68905,14.37387,0.56358,0.00000,0,Generated demonstration data. Limits are illustrative and must not be used for real lifting operations.
DEMO-0261,Turbine installation,8,3.68550,11.12250,2.57503,0.00000,1,Generated demonstration data. Limits are illustrative and must not be used for real lifting operations.
DEMO-0262,Turbine installation,3,3.46119,19.79192,0.16005,0.50000,1,Generated demonstration data. Limits are illustrative and must not be used for real lifting operations.
DEMO-0263,Turbine installation,1,0.40773,7.83683,1.78565,0.00000,1,Generated demonstration data. Limits are illustrative and must not be used for real lifting operations.
DEMO-0264,Turbine installation,8,14.37773,15.37773,2.95146,0.50000,1,Generated demonstration data. Limits are illustrative and must not be used for real lifting operations.
DEMO-0265,Turbine installation,1,10.65025,14.05391,1.59451,1.00000,1,Generated demonstration data. Limits are illustrative and must not be used for real lifting operations.
DEMO-0266,Turbine installation,5,9.53341,17.09398,2.40202,0.50000,0,Generated demonstration data. Limits are illustrative and must not be used for real lifting operations.
DEMO-0267,Turbine installation,8,11.15992,19.31945,1.78554,0.50000,1,Generated demonstration data. Limits are illustrative and must not be used for real lifting operations.
DEMO-0268,Turbine installation,5,7.97419,15.61325,2.34926,0.50000,1,Generated demonstration data. Limits are illustrative and must not be used for real lifting operations.
DEMO-0269,Turbine installation,5,7.14201,18.92930,1.96678,1.00000,1,Generated demonstration data. Limits are illustrative and must not be used for real lifting operations.
DEMO-0270,Turbine installation,4,6.74298,12.06878,2.07340,0.50000,1,Generated demonstration data. Limits are illustrative and must not be used for real lifting operations.
DEMO-0271,Turbine installation,2,9.60659,10.60659,0.68343,0.50000,1,Generated demonstration data. Limits are illustrative and must not be used for real lifting operations.
DEMO-0272,Turbine installation,5,3.02302,7.08979,2.22546,1.00000,1,Generated demonstration data. Limits are illustrative and must not be used for real lifting operations.
DEMO-0273,Turbine installation,8,13.32088,14.32088,0.71373,0.00000,0,Generated demonstration data. Limits are illustrative and must not be used for real lifting operations.
DEMO-0274,Turbine installation,1,12.17629,13.17629,2.94192,0.00000,0,Generated demonstration data. Limits are illustrative and must not be used for real lifting operations.
DEMO-0275,Turbine installation,8,5.24345,13.91884,0.68336,0.50000,1,Generated demonstration data. Limits are illustrative and must not be used for real lifting operations.
DEMO-0276,Turbine installation,4,8.67914,11.41371,0.71005,0.00000,1,Generated demonstration data. Limits are illustrative and must not be used for real lifting operations.
DEMO-0277,Turbine installation,5,2.11541,15.09079,2.57602,0.00000,0,Generated demonstration data. Limits are illustrative and must not be used for real lifting operations.
DEMO-0278,Turbine installation,2,14.58519,15.58519,0.72896,0.00000,1,Generated demonstration data. Limits are illustrative and must not be used for real lifting operations.
DEMO-0279,Turbine installation,5,13.54339,17.20297,1.08271,1.00000,1,Generated demonstration data. Limits are illustrative and must not be used for real lifting operations.
DEMO-0280,Turbine installation,2,13.82846,17.00532,2.14392,0.50000,0,Generated demonstration data. Limits are illustrative and must not be used for real lifting operations.
DEMO-0281,Turbine installation,3,4.98245,10.72515,0.47625,1.00000,1,Generated demonstration data. Limits are illustrative and must not be used for real lifting operations.
DEMO-0282,Turbine installation,6,2.53702,11.23186,0.47722,0.00000,1,Generated demonstration data. Limits are illustrative and must not be used for real lifting operations.
DEMO-0283,Turbine installation,1,3.17658,15.53266,1.45908,0.50000,0,Generated demonstration data. Limits are illustrative and must not be used for real lifting operations.
DEMO-0284,Turbine installation,4,1.35002,15.73578,0.73109,0.50000,1,Generated demonstration data. Limits are illustrative and must not be used for real lifting operations.
DEMO-0285,Turbine installation,5,1.80166,10.66460,0.70697,0.50000,1,Generated demonstration data. Limits are illustrative and must not be used for real lifting operations.
DEMO-0286,Turbine installation,2,1.06957,10.94572,0.02772,1.00000,1,Generated demonstration data. Limits are illustrative and must not be used for real lifting operations.
DEMO-0287,Turbine installation,3,14.84735,17.49281,1.11135,1.00000,1,Generated demonstration data. Limits are illustrative and must not be used for real lifting operations.
DEMO-0288,Turbine installation,3,1.11087,16.65339,0.95475,0.50000,1,Generated demonstration data. Limits are illustrative and must not be used for real lifting operations.
DEMO-0289,Turbine installation,6,1.98813,7.43091,0.09347,1.00000,1,Generated demonstration data. Limits are illustrative and must not be used for real lifting operations.
DEMO-0290,Turbine installation,8,12.40882,13.40882,1.86370,0.00000,0,Generated demonstration data. Limits are illustrative and must not be used for real lifting operations.
DEMO-0291,Turbine installation,7,8.70360,21.06871,1.87997,0.00000,1,Generated demonstration data. Limits are illustrative and must not be used for real lifting operations.
DEMO-0292,Turbine installation,2,11.61626,12.61626,0.21240,1.00000,1,Generated demonstration data. Limits are illustrative and must not be used for real lifting operations.
DEMO-0293,Turbine installation,1,9.46368,20.39295,0.95112,0.00000,1,Generated demonstration data. Limits are illustrative and must not be used for real lifting operations.
DEMO-0294,Turbine installation,1,13.23263,14.23263,2.61842,0.00000,0,Generated demonstration data. Limits are illustrative and must not be used for real lifting operations.
DEMO-0295,Turbine installation,5,9.57701,14.13048,1.74650,0.00000,1,Generated demonstration data. Limits are illustrative and must not be used for real lifting operations.
DEMO-0296,Turbine installation,2,7.83188,12.63806,1.23592,0.00000,1,Generated demonstration data. Limits are illustrative and must not be used for real lifting operations.
DEMO-0297,Turbine installation,2,10.69125,11.69125,1.39531,0.50000,1,Generated demonstration data. Limits are illustrative and must not be used for real lifting operations.
DEMO-0298,Turbine installation,7,6.71089,21.47714,0.62484,0.00000,0,Generated demonstration data. Limits are illustrative and must not be used for real lifting operations.
DEMO-0299,Turbine installation,7,5.19096,13.18865,2.43564,0.50000,1,Generated demonstration data. Limits are illustrative and must not be used for real lifting operations.
DEMO-0300,Turbine installation,7,7.01479,22.17683,2.74201,1.00000,1,Generated demonstration data. Limits are illustrative and must not be used for real lifting operations.
DEMO-0301,Turbine installation,3,2.54571,10.16139,2.73199,0.00000,1,Generated demonstration data. Limits are illustrative and must not be used for real lifting operations.
DEMO-0302,Turbine installation,5,11.94858,20.59296,0.67180,1.00000,1,Generated demonstration data. Limits are illustrative and must not be used for real lifting operations.
DEMO-0303,Turbine installation,5,3.91056,21.60301,0.93222,0.50000,0,Generated demonstration data. Limits are illustrative and must not be used for real lifting operations.
DEMO-0304,Turbine installation,2,2.30297,15.02298,0.48187,0.50000,1,Generated demonstration data. Limits are illustrative and must not be used for real lifting operations.
DEMO-0305,Turbine installation,5,3.69528,8.64820,0.92160,0.50000,1,Generated demonstration data. Limits are illustrative and must not be used for real lifting operations.
DEMO-0306,Turbine installation,5,12.63105,17.33445,0.99842,0.00000,0,Generated demonstration data. Limits are illustrative and must not be used for real lifting operations.
DEMO-0307,Turbine installation,4,4.95302,14.88161,1.89932,0.00000,1,Generated demonstration data. Limits are illustrative and must not be used for real lifting operations.
DEMO-0308,Turbine installation,7,10.29075,22.00153,0.56894,0.50000,1,Generated demonstration data. Limits are illustrative and must not be used for real lifting operations.
DEMO-0309,Turbine installation,6,12.84614,13.84614,2.75819,1.00000,1,Generated demonstration data. Limits are illustrative and must not be used for real lifting operations.
DEMO-0310,Turbine installation,5,1.16617,9.83325,0.30930,0.50000,1,Generated demonstration data. Limits are illustrative and must not be used for real lifting operations.
DEMO-0311,Turbine installation,6,11.47537,12.47537,0.02063,0.50000,1,Generated demonstration data. Limits are illustrative and must not be used for real lifting operations.
DEMO-0312,Turbine installation,7,4.61498,17.57540,2.56484,0.50000,1,Generated demonstration data. Limits are illustrative and must not be used for real lifting operations.
DEMO-0313,Turbine installation,5,3.24934,22.53397,2.11131,0.50000,1,Generated demonstration data. Limits are illustrative and must not be used for real lifting operations.
DEMO-0314,Turbine installation,3,10.33352,11.33352,1.06608,0.00000,0,Generated demonstration data. Limits are illustrative and must not be used for real lifting operations.
DEMO-0315,Turbine installation,7,13.64695,18.32802,1.78650,0.50000,0,Generated demonstration data. Limits are illustrative and must not be used for real lifting operations.
DEMO-0316,Turbine installation,6,4.42529,21.68475,0.67063,1.00000,0,Generated demonstration data. Limits are illustrative and must not be used for real lifting operations.
DEMO-0317,Turbine installation,8,8.53251,9.53251,0.50517,0.00000,1,Generated demonstration data. Limits are illustrative and must not be used for real lifting operations.
DEMO-0318,Turbine installation,2,4.34751,6.98306,1.41345,1.00000,1,Generated demonstration data. Limits are illustrative and must not be used for real lifting operations.
DEMO-0319,Turbine installation,4,8.31428,17.45523,1.05956,1.00000,0,Generated demonstration data. Limits are illustrative and must not be used for real lifting operations.
DEMO-0320,Turbine installation,8,9.32793,16.66334,1.84569,0.00000,0,Generated demonstration data. Limits are illustrative and must not be used for real lifting operations.
DEMO-0321,Turbine installation,5,9.15503,10.15503,0.65445,0.50000,1,Generated demonstration data. Limits are illustrative and must not be used for real lifting operations.
DEMO-0322,Turbine installation,8,9.35320,20.01961,1.98878,1.00000,1,Generated demonstration data. Limits are illustrative and must not be used for real lifting operations.
DEMO-0323,Turbine installation,1,2.02620,14.42163,2.30058,0.50000,1,Generated demonstration data. Limits are illustrative and must not be used for real lifting operations.
DEMO-0324,Turbine installation,1,10.40311,21.32955,0.49991,1.00000,1,Generated demonstration data. Limits are illustrative and must not be used for real lifting operations.
DEMO-0325,Turbine installation,7,10.12126,20.80384,0.13157,1.00000,1,Generated demonstration data. Limits are illustrative and must not be used for real lifting operations.
DEMO-0326,Turbine installation,3,10.23882,19.62514,1.31876,0.50000,1,Generated demonstration data. Limits are illustrative and must not be used for real lifting operations.
DEMO-0327,Turbine installation,5,1.11106,14.28618,2.32207,1.00000,0,Generated demonstration data. Limits are illustrative and must not be used for real lifting operations.
DEMO-0328,Turbine installation,4,6.70258,9.53079,1.95234,1.00000,1,Generated demonstration data. Limits are illustrative and must not be used for real lifting operations.
DEMO-0329,Turbine installation,4,6.13553,14.10756,2.10565,1.00000,1,Generated demonstration data. Limits are illustrative and must not be used for real lifting operations.
DEMO-0330,Turbine installation,8,1.30067,6.81460,1.20852,1.00000,1,Generated demonstration data. Limits are illustrative and must not be used for real lifting operations.
DEMO-0331,Turbine installation,1,3.33552,16.85923,0.70484,0.00000,1,Generated demonstration data. Limits are illustrative and must not be used for real lifting operations.
DEMO-0332,Turbine installation,7,6.61444,7.61444,1.59534,0.00000,0,Generated demonstration data. Limits are illustrative and must not be used for real lifting operations.
DEMO-0333,Turbine installation,8,11.14359,14.20111,0.61310,0.00000,1,Generated demonstration data. Limits are illustrative and must not be used for real lifting operations.
DEMO-0334,Turbine installation,6,3.55593,5.97888,2.17869,0.00000,1,Generated demonstration data. Limits are illustrative and must not be used for real lifting operations.
DEMO-0335,Turbine installation,4,12.44625,13.44625,0.59090,1.00000,1,Generated demonstration data. Limits are illustrative and must not be used for real lifting operations.
DEMO-0336,Turbine installation,2,8.18697,9.18697,0.87379,0.50000,1,Generated demonstration data. Limits are illustrative and must not be used for real lifting operations.
DEMO-0337,Turbine installation,6,11.40633,16.16057,1.51963,0.50000,1,Generated demonstration data. Limits are illustrative and must not be used for real lifting operations.
DEMO-0338,Turbine installation,4,7.08834,19.16216,1.46013,0.00000,0,Generated demonstration data. Limits are illustrative and must not be used for real lifting operations.
DEMO-0339,Turbine installation,2,7.48791,8.48791,1.80255,1.00000,1,Generated demonstration data. Limits are illustrative and must not be used for real lifting operations.
DEMO-0340,Turbine installation,3,9.29579,20.30511,1.31233,0.50000,1,Generated demonstration data. Limits are illustrative and must not be used for real lifting operations.
DEMO-0341,Turbine installation,8,13.91956,20.49382,2.75842,1.00000,1,Generated demonstration data. Limits are illustrative and must not be used for real lifting operations.
DEMO-0342,Turbine installation,3,7.37719,11.16084,2.51980,0.00000,1,Generated demonstration data. Limits are illustrative and must not be used for real lifting operations.
DEMO-0343,Turbine installation,2,7.92986,16.86207,2.63734,0.00000,1,Generated demonstration data. Limits are illustrative and must not be used for real lifting operations.
DEMO-0344,Turbine installation,6,9.02995,12.24703,1.88855,0.00000,1,Generated demonstration data. Limits are illustrative and must not be used for real lifting operations.
DEMO-0345,Turbine installation,2,11.06273,12.06273,1.90502,0.00000,0,Generated demonstration data. Limits are illustrative and must not be used for real lifting operations.
DEMO-0346,Turbine installation,8,1.07776,14.51592,1.82760,1.00000,1,Generated demonstration data. Limits are illustrative and must not be used for real lifting operations.
DEMO-0347,Turbine installation,7,7.73531,8.73531,1.30465,0.50000,0,Generated demonstration data. Limits are illustrative and must not be used for real lifting operations.
DEMO-0348,Turbine installation,8,7.22387,20.81250,0.96632,0.50000,1,Generated demonstration data. Limits are illustrative and must not be used for real lifting operations.
DEMO-0349,Turbine installation,8,13.82527,21.63722,1.77601,0.00000,0,Generated demonstration data. Limits are illustrative and must not be used for real lifting operations.
DEMO-0350,Turbine installation,2,7.40260,19.78904,0.07660,0.00000,0,Generated demonstration data. Limits are illustrative and must not be used for real lifting operations.
DEMO-0351,Turbine installation,2,7.02481,15.12551,0.02237,1.00000,1,Generated demonstration data. Limits are illustrative and must not be used for real lifting operations.
DEMO-0352,Turbine installation,3,14.43300,15.43300,2.55493,1.00000,0,Generated demonstration data. Limits are illustrative and must not be used for real lifting operations.
DEMO-0353,Turbine installation,4,6.75865,22.72293,0.13927,1.00000,1,Generated demonstration data. Limits are illustrative and must not be used for real lifting operations.
DEMO-0354,Turbine installation,8,2.71327,9.46223,1.57439,1.00000,1,Generated demonstration data. Limits are illustrative and must not be used for real lifting operations.
DEMO-0355,Turbine installation,6,3.25374,6.36707,1.84496,0.50000,1,Generated demonstration data. Limits are illustrative and must not be used for real lifting operations.
DEMO-0356,Turbine installation,6,1.42781,15.11494,0.59451,0.00000,1,Generated demonstration data. Limits are illustrative and must not be used for real lifting operations.
DEMO-0357,Turbine installation,8,0.00852,10.91814,2.68719,1.00000,1,Generated demonstration data. Limits are illustrative and must not be used for real lifting operations.
DEMO-0358,Turbine installation,6,6.47918,10.80210,0.57029,1.00000,1,Generated demonstration data. Limits are illustrative and must not be used for real lifting operations.
DEMO-0359,Turbine installation,4,11.53864,12.53864,2.65354,0.50000,1,Generated demonstration data. Limits are illustrative and must not be used for real lifting operations.
DEMO-0360,Turbine installation,4,11.00200,15.73231,2.28897,0.00000,0,Generated demonstration data. Limits are illustrative and must not be used for real lifting operations.
DEMO-0361,Turbine installation,5,0.48224,9.75261,0.72223,1.00000,1,Generated demonstration data. Limits are illustrative and must not be used for real lifting operations.
DEMO-0362,Turbine installation,1,8.54974,9.54974,0.45223,1.00000,1,Generated demonstration data. Limits are illustrative and must not be used for real lifting operations.
DEMO-0363,Turbine installation,6,2.31425,5.72777,0.94870,0.00000,1,Generated demonstration data. Limits are illustrative and must not be used for real lifting operations.
DEMO-0364,Turbine installation,6,14.11614,15.11614,1.19385,0.00000,1,Generated demonstration data. Limits are illustrative and must not be used for real lifting operations.
DEMO-0365,Turbine installation,6,2.51047,20.82144,0.73735,1.00000,1,Generated demonstration data. Limits are illustrative and must not be used for real lifting operations.
DEMO-0366,Turbine installation,5,9.39959,11.06007,2.99667,0.00000,0,Generated demonstration data. Limits are illustrative and must not be used for real lifting operations.
DEMO-0367,Turbine installation,7,4.89358,17.22334,0.68896,1.00000,1,Generated demonstration data. Limits are illustrative and must not be used for real lifting operations.
DEMO-0368,Turbine installation,8,9.62342,18.61785,2.49190,1.00000,1,Generated demonstration data. Limits are illustrative and must not be used for real lifting operations.
DEMO-0369,Turbine installation,5,6.18388,10.90581,0.47735,0.00000,1,Generated demonstration data. Limits are illustrative and must not be used for real lifting operations.
DEMO-0370,Turbine installation,4,11.39465,19.78953,2.94073,0.00000,0,Generated demonstration data. Limits are illustrative and must not be used for real lifting operations.
DEMO-0371,Turbine installation,1,3.46019,17.45383,0.67657,0.50000,1,Generated demonstration data. Limits are illustrative and must not be used for real lifting operations.
DEMO-0372,Turbine installation,7,13.58688,15.06636,1.26507,0.50000,1,Generated demonstration data. Limits are illustrative and must not be used for real lifting operations.
DEMO-0373,Turbine installation,8,7.50314,8.50314,1.67569,1.00000,1,Generated demonstration data. Limits are illustrative and must not be used for real lifting operations.
DEMO-0374,Turbine installation,6,11.34140,12.34140,0.36086,0.50000,1,Generated demonstration data. Limits are illustrative and must not be used for real lifting operations.
DEMO-0375,Turbine installation,7,12.74595,22.83559,2.45046,0.00000,0,Generated demonstration data. Limits are illustrative and must not be used for real lifting operations.
DEMO-0376,Turbine installation,7,14.98243,19.08111,0.82406,1.00000,0,Generated demonstration data. Limits are illustrative and must not be used for real lifting operations.
DEMO-0377,Turbine installation,7,3.35918,21.87617,1.64781,1.00000,0,Generated demonstration data. Limits are illustrative and must not be used for real lifting operations.
DEMO-0378,Turbine installation,5,4.30339,21.24146,1.64890,0.50000,0,Generated demonstration data. Limits are illustrative and must not be used for real lifting operations.
DEMO-0379,Turbine installation,1,3.75650,5.36797,1.80792,1.00000,1,Generated demonstration data. Limits are illustrative and must not be used for real lifting operations.
DEMO-0380,Turbine installation,1,3.94307,19.25325,0.16646,1.00000,1,Generated demonstration data. Limits are illustrative and must not be used for real lifting operations.
DEMO-0381,Turbine installation,2,8.73667,13.12062,0.50586,1.00000,1,Generated demonstration data. Limits are illustrative and must not be used for real lifting operations.
DEMO-0382,Turbine installation,4,14.90284,19.21205,0.48358,1.00000,1,Generated demonstration data. Limits are illustrative and must not be used for real lifting operations.
DEMO-0383,Turbine installation,6,14.85417,15.85417,0.90615,0.50000,1,Generated demonstration data. Limits are illustrative and must not be used for real lifting operations.
DEMO-0384,Turbine installation,4,7.90160,10.18759,0.43474,0.00000,0,Generated demonstration data. Limits are illustrative and must not be used for real lifting operations.
DEMO-0385,Turbine installation,1,9.58541,18.52383,2.76576,0.50000,0,Generated demonstration data. Limits are illustrative and must not be used for real lifting operations.
DEMO-0386,Turbine installation,2,12.89956,19.27437,1.53886,1.00000,1,Generated demonstration data. Limits are illustrative and must not be used for real lifting operations.
DEMO-0387,Turbine installation,8,13.99400,16.15486,1.87073,1.00000,1,Generated demonstration data. Limits are illustrative and must not be used for real lifting operations.
DEMO-0388,Turbine installation,8,3.05791,10.42261,1.07246,1.00000,1,Generated demonstration data. Limits are illustrative and must not be used for real lifting operations.
DEMO-0389,Turbine installation,4,7.92813,10.58653,0.82874,0.50000,1,Generated demonstration data. Limits are illustrative and must not be used for real lifting operations.
DEMO-0390,Turbine installation,7,12.49256,22.40175,1.50953,0.50000,0,Generated demonstration data. Limits are illustrative and must not be used for real lifting operations.
DEMO-0391,Turbine installation,6,4.54803,12.90582,0.88297,0.00000,1,Generated demonstration data. Limits are illustrative and must not be used for real lifting operations.
DEMO-0392,Turbine installation,8,6.59714,13.04826,1.03094,0.00000,0,Generated demonstration data. Limits are illustrative and must not be used for real lifting operations.
DEMO-0393,Turbine installation,8,14.78432,15.78432,1.35825,0.00000,0,Generated demonstration data. Limits are illustrative and must not be used for real lifting operations.
DEMO-0394,Turbine installation,6,14.77570,15.77570,1.51720,1.00000,1,Generated demonstration data. Limits are illustrative and must not be used for real lifting operations.
DEMO-0395,Turbine installation,4,13.59160,14.94809,2.95294,1.00000,1,Generated demonstration data. Limits are illustrative and must not be used for real lifting operations.
DEMO-0396,Turbine installation,6,11.97673,12.97673,0.66997,0.00000,1,Generated demonstration data. Limits are illustrative and must not be used for real lifting operations.
DEMO-0397,Turbine installation,3,4.03696,19.88087,1.46393,0.50000,1,Generated demonstration data. Limits are illustrative and must not be used for real lifting operations.
DEMO-0398,Turbine installation,3,4.81275,21.36292,0.44854,0.50000,1,Generated demonstration data. Limits are illustrative and must not be used for real lifting operations.
DEMO-0399,Turbine installation,5,8.20924,21.77798,1.05000,0.00000,1,Generated demonstration data. Limits are illustrative and must not be used for real lifting operations.
DEMO-0400,Turbine installation,5,8.41166,15.15733,2.15193,0.50000,0,Generated demonstration data. Limits are illustrative and must not be used for real lifting operations.
DEMO-0401,Turbine installation,5,7.58254,12.95867,0.52339,0.50000,1,Generated demonstration data. Limits are illustrative and must not be used for real lifting operations.
DEMO-0402,Turbine installation,4,9.55005,17.69432,1.74405,1.00000,0,Generated demonstration data. Limits are illustrative and must not be used for real lifting operations.
DEMO-0403,Turbine installation,4,6.12485,20.08982,1.25010,1.00000,1,Generated demonstration data. Limits are illustrative and must not be used for real lifting operations.
DEMO-0404,Turbine installation,1,11.23761,15.13368,0.15474,0.00000,1,Generated demonstration data. Limits are illustrative and must not be used for real lifting operations.
DEMO-0405,Turbine installation,5,5.00325,17.59966,2.79923,0.50000,1,Generated demonstration data. Limits are illustrative and must not be used for real lifting operations.
DEMO-0406,Turbine installation,5,4.96015,18.49513,1.24081,1.00000,1,Generated demonstration data. Limits are illustrative and must not be used for real lifting operations.
DEMO-0407,Turbine installation,8,1.90839,17.17509,2.35178,1.00000,1,Generated demonstration data. Limits are illustrative and must not be used for real lifting operations.
DEMO-0408,Turbine installation,5,2.83068,18.43040,1.24894,1.00000,1,Generated demonstration data. Limits are illustrative and must not be used for real lifting operations.
DEMO-0409,Turbine installation,4,12.75781,13.75781,2.81208,1.00000,1,Generated demonstration data. Limits are illustrative and must not be used for real lifting operations.
DEMO-0410,Turbine installation,1,6.69424,13.97074,0.87141,0.00000,1,Generated demonstration data. Limits are illustrative and must not be used for real lifting operations.
DEMO-0411,Turbine installation,2,3.41802,15.58883,1.23669,1.00000,0,Generated demonstration data. Limits are illustrative and must not be used for real lifting operations.
DEMO-0412,Turbine installation,3,11.39012,12.39012,2.27659,1.00000,0,Generated demonstration data. Limits are illustrative and must not be used for real lifting operations.
DEMO-0413,Turbine installation,4,8.30972,20.40733,1.03100,1.00000,0,Generated demonstration data. Limits are illustrative and must not be used for real lifting operations.
DEMO-0414,Turbine installation,3,0.31734,15.98044,1.09307,1.00000,1,Generated demonstration data. Limits are illustrative and must not be used for real lifting operations.
DEMO-0415,Turbine installation,4,4.74542,7.32445,2.98447,0.00000,0,Generated demonstration data. Limits are illustrative and must not be used for real lifting operations.
DEMO-0416,Turbine installation,7,2.65502,19.69443,1.66684,0.00000,0,Generated demonstration data. Limits are illustrative and must not be used for real lifting operations.
DEMO-0417,Turbine installation,2,9.83809,17.90703,2.06814,0.50000,1,Generated demonstration data. Limits are illustrative and must not be used for real lifting operations.
DEMO-0418,Turbine installation,3,4.12547,18.64939,1.93039,0.50000,1,Generated demonstration data. Limits are illustrative and must not be used for real lifting operations.
DEMO-0419,Turbine installation,2,0.97420,12.05676,2.48377,0.00000,1,Generated demonstration data. Limits are illustrative and must not be used for real lifting operations.
DEMO-0420,Turbine installation,3,0.82402,20.37565,2.58548,0.00000,1,Generated demonstration data. Limits are illustrative and must not be used for real lifting operations.
DEMO-0421,Turbine installation,6,8.72591,12.45250,1.68977,1.00000,1,Generated demonstration data. Limits are illustrative and must not be used for real lifting operations.
DEMO-0422,Turbine installation,1,0.32585,15.26916,0.88367,0.50000,1,Generated demonstration data. Limits are illustrative and must not be used for real lifting operations.
DEMO-0423,Turbine installation,3,12.73188,13.73188,0.06840,0.00000,1,Generated demonstration data. Limits are illustrative and must not be used for real lifting operations.
DEMO-0424,Turbine installation,1,2.33096,16.60772,1.84321,0.50000,1,Generated demonstration data. Limits are illustrative and must not be used for real lifting operations.
DEMO-0425,Turbine installation,8,9.09850,17.92716,2.47641,0.50000,0,Generated demonstration data. Limits are illustrative and must not be used for real lifting operations.
DEMO-0426,Turbine installation,6,6.67032,15.20797,1.35162,0.00000,0,Generated demonstration data. Limits are illustrative and must not be used for real lifting operations.
DEMO-0427,Turbine installation,2,6.64277,13.93806,0.49412,1.00000,0,Generated demonstration data. Limits are illustrative and must not be used for real lifting operations.
DEMO-0428,Turbine installation,2,1.07696,19.57886,0.86425,0.50000,1,Generated demonstration data. Limits are illustrative and must not be used for real lifting operations.
DEMO-0429,Turbine installation,1,12.04128,17.26471,1.52997,0.00000,0,Generated demonstration data. Limits are illustrative and must not be used for real lifting operations.
DEMO-0430,Turbine installation,4,13.39579,14.39579,2.51004,0.00000,0,Generated demonstration data. Limits are illustrative and must not be used for real lifting operations.
DEMO-0431,Turbine installation,7,0.16525,22.26332,0.51526,1.00000,1,Generated demonstration data. Limits are illustrative and must not be used for real lifting operations.
DEMO-0432,Turbine installation,5,2.67906,17.73081,1.83645,0.00000,1,Generated demonstration data. Limits are illustrative and must not be used for real lifting operations.
DEMO-0433,Turbine installation,8,13.55856,22.78290,2.26011,0.00000,1,Generated demonstration data. Limits are illustrative and must not be used for real lifting operations.
DEMO-0434,Turbine installation,3,8.24240,22.48270,2.80814,0.50000,0,Generated demonstration data. Limits are illustrative and must not be used for real lifting operations.
DEMO-0435,Turbine installation,3,2.25059,21.54038,0.35011,0.50000,1,Generated demonstration data. Limits are illustrative and must not be used for real lifting operations.
DEMO-0436,Turbine installation,4,3.04186,18.59669,2.77917,0.00000,1,Generated demonstration data. Limits are illustrative and must not be used for real lifting operations.
DEMO-0437,Turbine installation,2,9.89979,15.96973,1.80440,0.50000,0,Generated demonstration data. Limits are illustrative and must not be used for real lifting operations.
DEMO-0438,Turbine installation,8,10.87225,11.87225,2.30010,0.00000,0,Generated demonstration data. Limits are illustrative and must not be used for real lifting operations.
DEMO-0439,Turbine installation,2,8.99140,14.78033,0.16132,0.50000,1,Generated demonstration data. Limits are illustrative and must not be used for real lifting operations.
DEMO-0440,Turbine installation,4,14.29723,18.77678,1.51844,0.00000,1,Generated demonstration data. Limits are illustrative and must not be used for real lifting operations.
DEMO-0441,Turbine installation,5,7.41095,14.37543,1.86789,0.50000,1,Generated demonstration data. Limits are illustrative and must not be used for real lifting operations.
DEMO-0442,Turbine installation,1,4.50408,20.62830,0.92050,1.00000,1,Generated demonstration data. Limits are illustrative and must not be used for real lifting operations.
DEMO-0443,Turbine installation,4,7.15849,8.15849,1.29495,1.00000,1,Generated demonstration data. Limits are illustrative and must not be used for real lifting operations.
DEMO-0444,Turbine installation,4,5.39499,11.85693,1.66289,0.00000,1,Generated demonstration data. Limits are illustrative and must not be used for real lifting operations.
DEMO-0445,Turbine installation,3,3.36624,14.10736,1.65764,0.00000,1,Generated demonstration data. Limits are illustrative and must not be used for real lifting operations.
DEMO-0446,Turbine installation,2,0.68945,12.78186,0.12558,0.00000,1,Generated demonstration data. Limits are illustrative and must not be used for real lifting operations.
DEMO-0447,Turbine installation,1,5.28319,6.95456,1.31845,0.50000,1,Generated demonstration data. Limits are illustrative and must not be used for real lifting operations.
DEMO-0448,Turbine installation,1,10.67114,11.67114,0.64145,0.50000,1,Generated demonstration data. Limits are illustrative and must not be used for real lifting operations.
DEMO-0449,Turbine installation,4,0.27657,20.07711,2.75009,1.00000,1,Generated demonstration data. Limits are illustrative and must not be used for real lifting operations.
DEMO-0450,Turbine installation,1,6.58768,13.71892,2.92974,1.00000,1,Generated demonstration data. Limits are illustrative and must not be used for real lifting operations.
DEMO-0451,Turbine installation,8,9.66014,10.66014,0.89894,1.00000,1,Generated demonstration data. Limits are illustrative and must not be used for real lifting operations.
DEMO-0452,Turbine installation,2,9.15606,10.15606,0.52556,0.00000,1,Generated demonstration data. Limits are illustrative and must not be used for real lifting operations.
DEMO-0453,Turbine installation,6,11.64973,13.52256,0.65851,0.00000,1,Generated demonstration data. Limits are illustrative and must not be used for real lifting operations.
DEMO-0454,Turbine installation,6,12.15780,13.15780,1.43326,1.00000,1,Generated demonstration data. Limits are illustrative and must not be used for real lifting operations.
DEMO-0455,Turbine installation,4,10.67559,17.69227,2.62352,1.00000,1,Generated demonstration data. Limits are illustrative and must not be used for real lifting operations.
DEMO-0456,Turbine installation,8,1.54197,19.31582,1.50011,0.00000,0,Generated demonstration data. Limits are illustrative and must not be used for real lifting operations.
DEMO-0457,Turbine installation,1,7.12534,9.10934,0.16618,0.00000,1,Generated demonstration data. Limits are illustrative and must not be used for real lifting operations.
DEMO-0458,Turbine installation,2,9.05109,15.65919,0.11966,1.00000,1,Generated demonstration data. Limits are illustrative and must not be used for real lifting operations.
DEMO-0459,Turbine installation,3,3.68349,7.78000,0.68217,0.50000,1,Generated demonstration data. Limits are illustrative and must not be used for real lifting operations.
DEMO-0460,Turbine installation,2,0.63828,10.46449,2.52831,1.00000,1,Generated demonstration data. Limits are illustrative and must not be used for real lifting operations.
DEMO-0461,Turbine installation,3,3.35385,20.99832,1.86444,0.50000,0,Generated demonstration data. Limits are illustrative and must not be used for real lifting operations.
DEMO-0462,Turbine installation,3,6.82342,14.79377,1.68887,1.00000,1,Generated demonstration data. Limits are illustrative and must not be used for real lifting operations.
DEMO-0463,Turbine installation,7,6.20895,20.94600,0.95691,1.00000,1,Generated demonstration data. Limits are illustrative and must not be used for real lifting operations.
DEMO-0464,Turbine installation,3,2.65000,9.05446,2.78828,0.00000,0,Generated demonstration data. Limits are illustrative and must not be used for real lifting operations.
DEMO-0465,Turbine installation,8,12.36623,13.36623,0.99353,0.00000,0,Generated demonstration data. Limits are illustrative and must not be used for real lifting operations.
DEMO-0466,Turbine installation,7,13.88530,14.88530,2.50483,1.00000,1,Generated demonstration data. Limits are illustrative and must not be used for real lifting operations.
DEMO-0467,Turbine installation,8,3.02022,13.64144,2.68771,0.00000,1,Generated demonstration data. Limits are illustrative and must not be used for real lifting operations.
DEMO-0468,Turbine installation,1,13.94359,22.95766,1.45001,0.00000,1,Generated demonstration data. Limits are illustrative and must not be used for real lifting operations.
DEMO-0469,Turbine installation,8,0.26791,7.06002,2.68287,1.00000,1,Generated demonstration data. Limits are illustrative and must not be used for real lifting operations.
DEMO-0470,Turbine installation,5,13.87444,20.33537,0.83041,0.00000,1,Generated demonstration data. Limits are illustrative and must not be used for real lifting operations.
DEMO-0471,Turbine installation,8,14.27893,20.54628,1.97530,0.00000,0,Generated demonstration data. Limits are illustrative and must not be used for real lifting operations.
DEMO-0472,Turbine installation,3,0.18078,14.95758,0.26389,0.00000,1,Generated demonstration data. Limits are illustrative and must not be used for real lifting operations.
DEMO-0473,Turbine installation,8,11.44529,12.44529,1.42180,0.50000,1,Generated demonstration data. Limits are illustrative and must not be used for real lifting operations.
DEMO-0474,Turbine installation,5,14.55302,15.55302,0.65200,0.50000,1,Generated demonstration data. Limits are illustrative and must not be used for real lifting operations.
DEMO-0475,Turbine installation,1,13.58853,14.58853,0.18829,1.00000,1,Generated demonstration data. Limits are illustrative and must not be used for real lifting operations.
DEMO-0476,Turbine installation,4,14.56065,19.38393,0.01118,1.00000,0,Generated demonstration data. Limits are illustrative and must not be used for real lifting operations.
DEMO-0477,Turbine installation,2,8.25485,13.96902,0.97426,0.50000,1,Generated demonstration data. Limits are illustrative and must not be used for real lifting operations.
DEMO-0478,Turbine installation,8,1.17234,21.66516,1.76859,1.00000,1,Generated demonstration data. Limits are illustrative and must not be used for real lifting operations.
DEMO-0479,Turbine installation,3,12.74684,16.20844,1.36569,0.00000,0,Generated demonstration data. Limits are illustrative and must not be used for real lifting operations.
DEMO-0480,Turbine installation,2,9.20742,14.25775,0.90531,0.50000,0,Generated demonstration data. Limits are illustrative and must not be used for real lifting operations.
DEMO-0481,Turbine installation,5,9.22105,17.79925,2.97360,0.00000,0,Generated demonstration data. Limits are illustrative and must not be used for real lifting operations.
DEMO-0482,Turbine installation,4,6.25880,14.07079,2.81858,0.00000,1,Generated demonstration data. Limits are illustrative and must not be used for real lifting operations.
DEMO-0483,Turbine installation,1,8.57763,21.28111,0.37696,1.00000,1,Generated demonstration data. Limits are illustrative and must not be used for real lifting operations.
DEMO-0484,Turbine installation,7,2.30370,8.32003,1.24532,0.00000,1,Generated demonstration data. Limits are illustrative and must not be used for real lifting operations.
DEMO-0485,Turbine installation,7,11.09655,22.52028,1.94654,0.50000,1,Generated demonstration data. Limits are illustrative and must not be used for real lifting operations.
DEMO-0486,Turbine installation,6,1.12526,19.61943,2.20047,0.50000,0,Generated demonstration data. Limits are illustrative and must not be used for real lifting operations.
DEMO-0487,Turbine installation,5,10.94671,20.49320,1.09912,0.00000,1,Generated demonstration data. Limits are illustrative and must not be used for real lifting operations.
DEMO-0488,Turbine installation,4,12.73468,13.73468,2.23885,1.00000,0,Generated demonstration data. Limits are illustrative and must not be used for real lifting operations.
DEMO-0489,Turbine installation,5,7.08703,20.06963,0.37245,0.00000,0,Generated demonstration data. Limits are illustrative and must not be used for real lifting operations.
DEMO-0490,Turbine installation,5,7.64746,10.52193,0.99544,0.00000,0,Generated demonstration data. Limits are illustrative and must not be used for real lifting operations.
DEMO-0491,Turbine installation,2,4.68321,18.71507,2.14930,0.50000,1,Generated demonstration data. Limits are illustrative and must not be used for real lifting operations.
DEMO-0492,Turbine installation,1,14.54188,15.54188,1.87705,0.00000,0,Generated demonstration data. Limits are illustrative and must not be used for real lifting operations.
DEMO-0493,Turbine installation,3,10.99687,11.99687,2.51163,1.00000,1,Generated demonstration data. Limits are illustrative and must not be used for real lifting operations.
DEMO-0494,Turbine installation,4,5.53483,13.02319,0.14057,0.00000,1,Generated demonstration data. Limits are illustrative and must not be used for real lifting operations.
DEMO-0495,Turbine installation,2,2.62211,10.80175,0.52318,0.00000,1,Generated demonstration data. Limits are illustrative and must not be used for real lifting operations.
DEMO-0496,Turbine installation,1,3.29369,11.96631,0.14548,0.00000,0,Generated demonstration data. Limits are illustrative and must not be used for real lifting operations.
DEMO-0497,Turbine installation,7,6.95883,19.76189,0.57634,0.00000,0,Generated demonstration data. Limits are illustrative and must not be used for real lifting operations.
DEMO-0498,Turbine installation,3,14.13853,15.13853,0.01285,0.00000,1,Generated demonstration data. Limits are illustrative and must not be used for real lifting operations.
DEMO-0499,Turbine installation,5,11.01220,18.41506,1.51263,0.50000,1,Generated demonstration data. Limits are illustrative and must not be used for real lifting operations.
DEMO-0500,Turbine installation,5,3.22866,6.32682,1.58494,0.00000,1,Generated demonstration data. Limits are illustrative and must not be used for real lifting operations.
DEMO-0501,Turbine installation,6,12.89342,18.78330,1.97368,0.00000,1,Generated demonstration data. Limits are illustrative and must not be used for real lifting operations.
DEMO-0502,Turbine installation,6,5.67301,19.25642,1.15474,0.00000,0,Generated demonstration data. Limits are illustrative and must not be used for real lifting operations.
DEMO-0503,Turbine installation,3,12.77583,13.77583,0.00962,0.00000,1,Generated demonstration data. Limits are illustrative and must not be used for real lifting operations.
DEMO-0504,Turbine installation,7,3.62549,18.00460,2.02167,0.50000,0,Generated demonstration data. Limits are illustrative and must not be used for real lifting operations.
DEMO-0505,Turbine installation,3,9.27991,21.47249,0.16287,1.00000,1,Generated demonstration data. Limits are illustrative and must not be used for real lifting operations.
DEMO-0506,Turbine installation,7,13.90006,19.41283,2.59851,0.00000,0,Generated demonstration data. Limits are illustrative and must not be used for real lifting operations.
DEMO-0507,Turbine installation,4,3.86841,12.02804,0.06796,1.00000,1,Generated demonstration data. Limits are illustrative and must not be used for real lifting operations.
DEMO-0508,Turbine installation,1,10.39390,13.71584,1.59143,1.00000,0,Generated demonstration data. Limits are illustrative and must not be used for real lifting operations.
DEMO-0509,Turbine installation,7,14.80969,19.02844,2.68475,0.00000,0,Generated demonstration data. Limits are illustrative and must not be used for real lifting operations.
DEMO-0510,Turbine installation,1,2.25897,10.26670,1.71747,0.50000,1,Generated demonstration data. Limits are illustrative and must not be used for real lifting operations.
DEMO-0511,Turbine installation,7,1.32603,19.46989,1.82525,0.50000,1,Generated demonstration data. Limits are illustrative and must not be used for real lifting operations.
DEMO-0512,Turbine installation,1,10.11293,11.11293,2.04483,0.50000,0,Generated demonstration data. Limits are illustrative and must not be used for real lifting operations.
DEMO-0513,Turbine installation,2,5.09604,19.50783,0.36723,0.00000,1,Generated demonstration data. Limits are illustrative and must not be used for real lifting operations.
DEMO-0514,Turbine installation,5,1.06867,6.56241,2.02478,0.50000,1,Generated demonstration data. Limits are illustrative and must not be used for real lifting operations.
DEMO-0515,Turbine installation,8,7.12958,8.12958,2.64106,0.00000,0,Generated demonstration data. Limits are illustrative and must not be used for real lifting operations.
DEMO-0516,Turbine installation,4,11.30656,22.95816,2.92266,1.00000,0,Generated demonstration data. Limits are illustrative and must not be used for real lifting operations.
DEMO-0517,Turbine installation,1,4.27684,20.65023,1.32916,0.50000,1,Generated demonstration data. Limits are illustrative and must not be used for real lifting operations.
DEMO-0518,Turbine installation,2,5.02570,20.89126,1.03351,0.00000,1,Generated demonstration data. Limits are illustrative and must not be used for real lifting operations.
DEMO-0519,Turbine installation,8,12.68549,22.12304,2.25993,0.50000,0,Generated demonstration data. Limits are illustrative and must not be used for real lifting operations.
DEMO-0520,Turbine installation,6,7.80108,12.88969,1.62862,1.00000,1,Generated demonstration data. Limits are illustrative and must not be used for real lifting operations.
DEMO-0521,Turbine installation,1,12.64098,13.64098,0.77191,1.00000,0,Generated demonstration data. Limits are illustrative and must not be used for real lifting operations.
DEMO-0522,Turbine installation,4,6.69584,7.69584,0.51647,0.00000,0,Generated demonstration data. Limits are illustrative and must not be used for real lifting operations.
DEMO-0523,Turbine installation,3,14.29463,15.29463,0.51069,1.00000,1,Generated demonstration data. Limits are illustrative and must not be used for real lifting operations.
DEMO-0524,Turbine installation,2,9.76192,10.76192,1.37753,0.00000,1,Generated demonstration data. Limits are illustrative and must not be used for real lifting operations.
DEMO-0525,Turbine installation,7,1.73848,21.83992,0.51037,0.00000,0,Generated demonstration data. Limits are illustrative and must not be used for real lifting operations.
DEMO-0526,Turbine installation,5,13.27639,14.27639,0.05916,0.00000,0,Generated demonstration data. Limits are illustrative and must not be used for real lifting operations.
DEMO-0527,Turbine installation,2,7.33898,8.33898,0.15627,1.00000,1,Generated demonstration data. Limits are illustrative and must not be used for real lifting operations.
DEMO-0528,Turbine installation,6,2.12458,9.43657,2.78965,1.00000,1,Generated demonstration data. Limits are illustrative and must not be used for real lifting operations.
DEMO-0529,Turbine installation,4,2.29035,8.58122,0.21888,0.50000,1,Generated demonstration data. Limits are illustrative and must not be used for real lifting operations.
DEMO-0530,Turbine installation,1,10.31301,11.31301,0.21954,1.00000,1,Generated demonstration data. Limits are illustrative and must not be used for real lifting operations.
DEMO-0531,Turbine installation,4,0.71059,16.80886,1.35357,0.00000,1,Generated demonstration data. Limits are illustrative and must not be used for real lifting operations.
DEMO-0532,Turbine installation,2,4.29891,10.89522,0.73530,0.00000,1,Generated demonstration data. Limits are illustrative and must not be used for real lifting operations.
DEMO-0533,Turbine installation,2,2.09681,16.07044,2.88808,1.00000,1,Generated demonstration data. Limits are illustrative and must not be used for real lifting operations.
DEMO-0534,Turbine installation,8,6.61616,21.02464,2.73296,1.00000,1,Generated demonstration data. Limits are illustrative and must not be used for real lifting operations.
DEMO-0535,Turbine installation,6,6.21531,15.84602,1.21423,0.00000,1,Generated demonstration data. Limits are illustrative and must not be used for real lifting operations.
DEMO-0536,Turbine installation,2,7.82815,17.50159,1.34619,0.00000,0,Generated demonstration data. Limits are illustrative and must not be used for real lifting operations.
DEMO-0537,Turbine installation,7,4.19454,11.57906,1.12534,0.50000,1,Generated demonstration data. Limits are illustrative and must not be used for real lifting operations.
DEMO-0538,Turbine installation,5,0.48065,7.87529,0.11360,0.00000,1,Generated demonstration data. Limits are illustrative and must not be used for real lifting operations.
DEMO-0539,Turbine installation,7,9.21579,10.77051,0.87854,1.00000,1,Generated demonstration data. Limits are illustrative and must not be used for real lifting operations.
DEMO-0540,Turbine installation,6,5.60577,22.35709,0.36802,1.00000,0,Generated demonstration data. Limits are illustrative and must not be used for real lifting operations.
DEMO-0541,Turbine installation,3,9.77002,16.19260,0.30711,0.00000,1,Generated demonstration data. Limits are illustrative and must not be used for real lifting operations.
DEMO-0542,Turbine installation,5,1.63000,9.99520,1.68258,0.00000,1,Generated demonstration data. Limits are illustrative and must not be used for real lifting operations.
DEMO-0543,Turbine installation,5,0.20666,13.11647,0.29629,1.00000,1,Generated demonstration data. Limits are illustrative and must not be used for real lifting operations.
DEMO-0544,Turbine installation,6,3.72441,20.03923,0.30879,0.50000,1,Generated demonstration data. Limits are illustrative and must not be used for real lifting operations.
DEMO-0545,Turbine installation,2,6.84821,17.03198,1.44154,0.00000,1,Generated demonstration data. Limits are illustrative and must not be used for real lifting operations.
DEMO-0546,Turbine installation,3,5.91108,15.09175,1.32685,0.00000,1,Generated demonstration data. Limits are illustrative and must not be used for real lifting operations.
DEMO-0547,Turbine installation,2,12.15454,20.93293,0.41290,1.00000,0,Generated demonstration data. Limits are illustrative and must not be used for real lifting operations.
DEMO-0548,Turbine installation,3,5.66756,17.10391,0.01335,1.00000,1,Generated demonstration data. Limits are illustrative and must not be used for real lifting operations.
DEMO-0549,Turbine installation,2,7.95662,16.56914,0.57892,0.00000,1,Generated demonstration data. Limits are illustrative and must not be used for real lifting operations.
DEMO-0550,Turbine installation,1,8.90273,9.90273,0.70768,1.00000,1,Generated demonstration data. Limits are illustrative and must not be used for real lifting operations.
DEMO-0551,Turbine installation,8,0.32747,6.91500,2.40075,0.00000,1,Generated demonstration data. Limits are illustrative and must not be used for real lifting operations.
DEMO-0552,Turbine installation,1,7.72700,22.37256,2.74632,0.00000,0,Generated demonstration data. Limits are illustrative and must not be used for real lifting operations.
DEMO-0553,Turbine installation,8,5.17247,15.77945,1.21783,0.50000,0,Generated demonstration data. Limits are illustrative and must not be used for real lifting operations.
DEMO-0554,Turbine installation,1,6.31920,12.48230,1.21508,0.50000,1,Generated demonstration data. Limits are illustrative and must not be used for real lifting operations.
DEMO-0555,Turbine installation,7,1.50431,15.60237,2.13744,1.00000,1,Generated demonstration data. Limits are illustrative and must not be used for real lifting operations.
DEMO-0556,Turbine installation,3,11.74231,12.74231,1.88077,1.00000,1,Generated demonstration data. Limits are illustrative and must not be used for real lifting operations.
DEMO-0557,Turbine installation,5,14.13606,19.79829,0.55242,0.00000,0,Generated demonstration data. Limits are illustrative and must not be used for real lifting operations.
DEMO-0558,Turbine installation,3,0.33403,8.89962,0.32307,0.50000,1,Generated demonstration data. Limits are illustrative and must not be used for real lifting operations.
DEMO-0559,Turbine installation,4,9.02059,19.48183,1.31284,1.00000,1,Generated demonstration data. Limits are illustrative and must not be used for real lifting operations.
DEMO-0560,Turbine installation,4,11.45766,14.61881,1.69449,0.50000,1,Generated demonstration data. Limits are illustrative and must not be used for real lifting operations.
DEMO-0561,Turbine installation,5,4.27211,9.97830,0.41612,0.00000,1,Generated demonstration data. Limits are illustrative and must not be used for real lifting operations.
DEMO-0562,Turbine installation,4,11.81333,12.81333,0.87982,0.00000,0,Generated demonstration data. Limits are illustrative and must not be used for real lifting operations.
DEMO-0563,Turbine installation,5,9.48533,19.68500,0.91783,0.50000,1,Generated demonstration data. Limits are illustrative and must not be used for real lifting operations.
DEMO-0564,Turbine installation,7,13.93744,14.93744,0.78389,0.50000,0,Generated demonstration data. Limits are illustrative and must not be used for real lifting operations.
DEMO-0565,Turbine installation,4,14.71507,15.71507,1.38228,0.50000,0,Generated demonstration data. Limits are illustrative and must not be used for real lifting operations.
DEMO-0566,Turbine installation,3,0.63519,18.60580,1.95919,0.00000,1,Generated demonstration data. Limits are illustrative and must not be used for real lifting operations.
DEMO-0567,Turbine installation,2,6.67407,11.30078,1.52817,0.00000,1,Generated demonstration data. Limits are illustrative and must not be used for real lifting operations.
DEMO-0568,Turbine installation,3,8.20482,12.00801,0.60437,0.50000,1,Generated demonstration data. Limits are illustrative and must not be used for real lifting operations.
DEMO-0569,Turbine installation,2,2.20115,9.44722,0.30882,1.00000,1,Generated demonstration data. Limits are illustrative and must not be used for real lifting operations.
DEMO-0570,Turbine installation,2,5.04429,20.46521,2.46561,0.50000,0,Generated demonstration data. Limits are illustrative and must not be used for real lifting operations.
DEMO-0571,Turbine installation,8,14.81471,15.81471,1.43791,0.50000,0,Generated demonstration data. Limits are illustrative and must not be used for real lifting operations.
DEMO-0572,Turbine installation,1,0.24346,8.78347,0.18642,1.00000,1,Generated demonstration data. Limits are illustrative and must not be used for real lifting operations.
DEMO-0573,Turbine installation,4,6.78762,10.56650,0.77436,1.00000,1,Generated demonstration data. Limits are illustrative and must not be used for real lifting operations.
DEMO-0574,Turbine installation,7,12.63982,13.63982,2.41210,1.00000,1,Generated demonstration data. Limits are illustrative and must not be used for real lifting operations.
DEMO-0575,Turbine installation,8,4.85852,10.71779,2.25518,0.50000,1,Generated demonstration data. Limits are illustrative and must not be used for real lifting operations.
DEMO-0576,Turbine installation,2,7.19698,8.19698,2.62745,1.00000,1,Generated demonstration data. Limits are illustrative and must not be used for real lifting operations.
DEMO-0577,Turbine installation,2,14.67069,15.67069,1.80626,0.50000,0,Generated demonstration data. Limits are illustrative and must not be used for real lifting operations.
DEMO-0578,Turbine installation,3,7.12315,12.50695,1.26872,0.50000,1,Generated demonstration data. Limits are illustrative and must not be used for real lifting operations.
DEMO-0579,Turbine installation,5,1.96382,20.83040,1.27990,0.50000,1,Generated demonstration data. Limits are illustrative and must not be used for real lifting operations.
DEMO-0580,Turbine installation,8,0.77582,6.03123,0.58200,1.00000,1,Generated demonstration data. Limits are illustrative and must not be used for real lifting operations.
DEMO-0581,Turbine installation,2,14.18125,15.18125,1.95240,1.00000,1,Generated demonstration data. Limits are illustrative and must not be used for real lifting operations.
DEMO-0582,Turbine installation,2,3.98714,21.35022,1.75521,0.00000,0,Generated demonstration data. Limits are illustrative and must not be used for real lifting operations.
DEMO-0583,Turbine installation,3,7.56096,21.02026,0.46459,1.00000,1,Generated demonstration data. Limits are illustrative and must not be used for real lifting operations.
DEMO-0584,Turbine installation,7,1.36053,17.23011,2.65699,0.00000,0,Generated demonstration data. Limits are illustrative and must not be used for real lifting operations.
DEMO-0585,Turbine installation,1,6.35483,9.32852,1.10540,0.50000,1,Generated demonstration data. Limits are illustrative and must not be used for real lifting operations.
DEMO-0586,Turbine installation,4,13.95158,14.95158,0.14922,1.00000,1,Generated demonstration data. Limits are illustrative and must not be used for real lifting operations.
DEMO-0587,Turbine installation,1,7.53619,8.80198,0.98364,0.50000,1,Generated demonstration data. Limits are illustrative and must not be used for real lifting operations.
DEMO-0588,Turbine installation,2,14.56703,15.56703,2.60957,0.00000,0,Generated demonstration data. Limits are illustrative and must not be used for real lifting operations.
DEMO-0589,Turbine installation,8,3.88253,11.83997,2.75087,0.50000,1,Generated demonstration data. Limits are illustrative and must not be used for real lifting operations.
DEMO-0590,Turbine installation,1,7.56818,15.36479,1.47120,0.50000,1,Generated demonstration data. Limits are illustrative and must not be used for real lifting operations.
DEMO-0591,Turbine installation,3,12.89296,13.89296,2.86902,0.50000,0,Generated demonstration data. Limits are illustrative and must not be used for real lifting operations.
DEMO-0592,Turbine installation,8,6.72379,15.99484,2.62573,0.00000,1,Generated demonstration data. Limits are illustrative and must not be used for real lifting operations.
DEMO-0593,Turbine installation,5,4.19231,10.33259,2.47569,0.50000,0,Generated demonstration data. Limits are illustrative and must not be used for real lifting operations.
DEMO-0594,Turbine installation,1,12.83213,13.83213,2.57913,0.00000,1,Generated demonstration data. Limits are illustrative and must not be used for real lifting operations.
DEMO-0595,Turbine installation,4,5.84834,19.23212,1.14563,0.50000,1,Generated demonstration data. Limits are illustrative and must not be used for real lifting operations.
DEMO-0596,Turbine installation,8,7.96085,20.80967,2.26941,1.00000,0,Generated demonstration data. Limits are illustrative and must not be used for real lifting operations.
DEMO-0597,Turbine installation,4,14.64791,15.64791,1.73202,1.00000,1,Generated demonstration data. Limits are illustrative and must not be used for real lifting operations.
DEMO-0598,Turbine installation,5,2.79725,15.28728,2.15905,0.50000,0,Generated demonstration data. Limits are illustrative and must not be used for real lifting operations.
DEMO-0599,Turbine installation,5,4.52101,10.00692,0.53336,1.00000,1,Generated demonstration data. Limits are illustrative and must not be used for real lifting operations.
DEMO-0600,Turbine installation,6,0.46604,5.96002,2.19418,0.00000,0,Generated demonstration data. Limits are illustrative and must not be used for real lifting operations.
DEMO-0601,Turbine installation,2,5.87757,18.28143,2.87278,1.00000,0,Generated demonstration data. Limits are illustrative and must not be used for real lifting operations.
DEMO-0602,Turbine installation,7,3.00275,8.07806,0.90799,0.50000,1,Generated demonstration data. Limits are illustrative and must not be used for real lifting operations.
DEMO-0603,Turbine installation,8,10.20052,12.66283,2.95848,1.00000,1,Generated demonstration data. Limits are illustrative and must not be used for real lifting operations.
DEMO-0604,Turbine installation,2,2.71982,13.76682,1.13513,1.00000,1,Generated demonstration data. Limits are illustrative and must not be used for real lifting operations.
DEMO-0605,Turbine installation,7,10.12219,11.12219,0.59917,0.50000,1,Generated demonstration data. Limits are illustrative and must not be used for real lifting operations.
DEMO-0606,Turbine installation,7,3.95213,6.70200,0.33686,0.50000,1,Generated demonstration data. Limits are illustrative and must not be used for real lifting operations.
DEMO-0607,Turbine installation,6,5.32827,11.26423,2.35489,1.00000,1,Generated demonstration data. Limits are illustrative and must not be used for real lifting operations.
DEMO-0608,Turbine installation,3,5.23291,22.14115,1.66448,0.00000,0,Generated demonstration data. Limits are illustrative and must not be used for real lifting operations.
DEMO-0609,Turbine installation,4,10.75128,16.07244,0.92139,0.00000,1,Generated demonstration data. Limits are illustrative and must not be used for real lifting operations.
DEMO-0610,Turbine installation,7,6.99764,11.86538,1.82535,0.50000,1,Generated demonstration data. Limits are illustrative and must not be used for real lifting operations.
DEMO-0611,Turbine installation,2,5.41948,6.41948,0.99630,0.50000,1,Generated demonstration data. Limits are illustrative and must not be used for real lifting operations.
DEMO-0612,Turbine installation,7,12.78934,15.80492,1.34507,1.00000,1,Generated demonstration data. Limits are illustrative and must not be used for real lifting operations.
DEMO-0613,Turbine installation,8,8.57926,9.57926,2.58799,0.00000,1,Generated demonstration data. Limits are illustrative and must not be used for real lifting operations.
DEMO-0614,Turbine installation,6,3.20746,14.76579,2.00450,0.50000,1,Generated demonstration data. Limits are illustrative and must not be used for real lifting operations.
DEMO-0615,Turbine installation,3,13.50137,18.53511,2.28721,0.00000,1,Generated demonstration data. Limits are illustrative and must not be used for real lifting operations.
DEMO-0616,Turbine installation,5,5.13975,12.62454,1.75048,0.00000,1,Generated demonstration data. Limits are illustrative and must not be used for real lifting operations.
DEMO-0617,Turbine installation,1,0.58469,10.38941,2.97419,1.00000,1,Generated demonstration data. Limits are illustrative and must not be used for real lifting operations.
DEMO-0618,Turbine installation,8,7.41900,8.41900,0.72423,1.00000,1,Generated demonstration data. Limits are illustrative and must not be used for real lifting operations.
DEMO-0619,Turbine installation,3,1.85907,5.44600,0.78687,1.00000,1,Generated demonstration data. Limits are illustrative and must not be used for real lifting operations.
DEMO-0620,Turbine installation,1,3.57700,12.74048,0.27768,0.00000,1,Generated demonstration data. Limits are illustrative and must not be used for real lifting operations.
DEMO-0621,Turbine installation,7,11.20666,20.90021,1.66206,0.50000,1,Generated demonstration data. Limits are illustrative and must not be used for real lifting operations.
DEMO-0622,Turbine installation,6,1.96128,9.39313,1.84008,1.00000,1,Generated demonstration data. Limits are illustrative and must not be used for real lifting operations.
DEMO-0623,Turbine installation,5,12.10416,15.33300,2.17788,0.00000,0,Generated demonstration data. Limits are illustrative and must not be used for real lifting operations.
DEMO-0624,Turbine installation,1,14.05361,17.31750,1.00634,1.00000,1,Generated demonstration data. Limits are illustrative and must not be used for real lifting operations.
DEMO-0625,Turbine installation,7,9.09798,10.09798,0.03677,1.00000,1,Generated demonstration data. Limits are illustrative and must not be used for real lifting operations.
DEMO-0626,Turbine installation,6,10.65539,11.65539,1.89669,0.50000,1,Generated demonstration data. Limits are illustrative and must not be used for real lifting operations.
DEMO-0627,Turbine installation,7,10.70380,11.70380,2.99609,0.50000,1,Generated demonstration data. Limits are illustrative and must not be used for real lifting operations.
DEMO-0628,Turbine installation,7,14.89212,17.06168,0.88365,0.00000,0,Generated demonstration data. Limits are illustrative and must not be used for real lifting operations.
DEMO-0629,Turbine installation,2,5.12307,12.90263,0.55180,1.00000,1,Generated demonstration data. Limits are illustrative and must not be used for real lifting operations.
DEMO-0630,Turbine installation,2,2.44285,18.21551,0.84530,1.00000,1,Generated demonstration data. Limits are illustrative and must not be used for real lifting operations.
DEMO-0631,Turbine installation,8,7.78751,20.61676,1.27625,1.00000,1,Generated demonstration data. Limits are illustrative and must not be used for real lifting operations.
DEMO-0632,Turbine installation,5,7.99875,18.65070,0.75274,1.00000,0,Generated demonstration data. Limits are illustrative and must not be used for real lifting operations.
DEMO-0633,Turbine installation,4,2.66869,22.86045,1.04088,0.50000,1,Generated demonstration data. Limits are illustrative and must not be used for real lifting operations.
DEMO-0634,Turbine installation,3,9.19664,18.57850,1.91462,1.00000,1,Generated demonstration data. Limits are illustrative and must not be used for real lifting operations.
DEMO-0635,Turbine installation,6,0.21187,20.33923,1.03508,0.00000,1,Generated demonstration data. Limits are illustrative and must not be used for real lifting operations.
DEMO-0636,Turbine installation,7,13.91503,19.98259,1.18818,1.00000,1,Generated demonstration data. Limits are illustrative and must not be used for real lifting operations.
DEMO-0637,Turbine installation,1,3.96861,18.14478,0.12009,0.00000,1,Generated demonstration data. Limits are illustrative and must not be used for real lifting operations.
DEMO-0638,Turbine installation,5,0.59340,19.43243,2.75383,0.50000,0,Generated demonstration data. Limits are illustrative and must not be used for real lifting operations.
DEMO-0639,Turbine installation,8,1.62374,21.82430,1.22066,0.00000,0,Generated demonstration data. Limits are illustrative and must not be used for real lifting operations.
DEMO-0640,Turbine installation,3,3.60373,13.55373,0.98443,0.00000,1,Generated demonstration data. Limits are illustrative and must not be used for real lifting operations.
DEMO-0641,Turbine installation,3,4.10859,16.48917,0.25945,0.50000,1,Generated demonstration data. Limits are illustrative and must not be used for real lifting operations.
DEMO-0642,Turbine installation,8,0.49215,14.26891,1.90255,0.50000,0,Generated demonstration data. Limits are illustrative and must not be used for real lifting operations.
DEMO-0643,Turbine installation,1,4.19032,20.31867,2.59147,0.00000,1,Generated demonstration data. Limits are illustrative and must not be used for real lifting operations.
DEMO-0644,Turbine installation,4,2.89413,12.76447,0.12346,1.00000,1,Generated demonstration data. Limits are illustrative and must not be used for real lifting operations.
DEMO-0645,Turbine installation,4,5.67931,19.75508,0.43582,0.00000,0,Generated demonstration data. Limits are illustrative and must not be used for real lifting operations.
DEMO-0646,Turbine installation,7,5.77752,19.38838,0.43917,1.00000,1,Generated demonstration data. Limits are illustrative and must not be used for real lifting operations.
DEMO-0647,Turbine installation,2,5.08512,22.31395,1.80682,0.00000,1,Generated demonstration data. Limits are illustrative and must not be used for real lifting operations.
DEMO-0648,Turbine installation,4,4.91886,9.48057,2.76369,0.50000,1,Generated demonstration data. Limits are illustrative and must not be used for real lifting operations.
DEMO-0649,Turbine installation,2,1.34597,17.77315,1.31331,0.00000,1,Generated demonstration data. Limits are illustrative and must not be used for real lifting operations.
DEMO-0650,Turbine installation,7,0.37807,18.62455,1.03142,1.00000,1,Generated demonstration data. Limits are illustrative and must not be used for real lifting operations.
DEMO-0651,Turbine installation,6,3.03171,21.85301,2.29752,1.00000,1,Generated demonstration data. Limits are illustrative and must not be used for real lifting operations.
DEMO-0652,Turbine installation,4,11.34974,21.32424,2.22771,0.00000,0,Generated demonstration data. Limits are illustrative and must not be used for real lifting operations.
DEMO-0653,Turbine installation,4,14.86215,15.86215,0.74027,0.00000,1,Generated demonstration data. Limits are illustrative and must not be used for real lifting operations.
DEMO-0654,Turbine installation,2,13.92789,15.42476,0.48248,0.50000,1,Generated demonstration data. Limits are illustrative and must not be used for real lifting operations.
DEMO-0655,Turbine installation,8,7.56329,8.56329,1.07343,1.00000,0,Generated demonstration data. Limits are illustrative and must not be used for real lifting operations.
DEMO-0656,Turbine installation,6,7.97736,22.54933,2.32681,0.00000,0,Generated demonstration data. Limits are illustrative and must not be used for real lifting operations.
DEMO-0657,Turbine installation,3,4.71872,9.59031,2.08519,0.00000,1,Generated demonstration data. Limits are illustrative and must not be used for real lifting operations.
DEMO-0658,Turbine installation,4,11.60909,18.04525,1.99756,0.50000,1,Generated demonstration data. Limits are illustrative and must not be used for real lifting operations.
DEMO-0659,Turbine installation,6,11.47135,19.32431,2.48829,0.00000,1,Generated demonstration data. Limits are illustrative and must not be used for real lifting operations.
DEMO-0660,Turbine installation,6,12.66409,13.66409,0.83139,0.00000,1,Generated demonstration data. Limits are illustrative and must not be used for real lifting operations.
DEMO-0661,Turbine installation,4,13.43257,14.43257,1.01905,0.00000,1,Generated demonstration data. Limits are illustrative and must not be used for real lifting operations.
DEMO-0662,Turbine installation,3,6.51524,8.40129,0.12702,0.50000,1,Generated demonstration data. Limits are illustrative and must not be used for real lifting operations.
DEMO-0663,Turbine installation,6,11.50313,20.41693,2.60624,1.00000,0,Generated demonstration data. Limits are illustrative and must not be used for real lifting operations.
DEMO-0664,Turbine installation,6,12.09598,14.19362,1.74729,0.50000,0,Generated demonstration data. Limits are illustrative and must not be used for real lifting operations.
DEMO-0665,Turbine installation,5,4.62689,6.62247,0.89437,0.00000,1,Generated demonstration data. Limits are illustrative and must not be used for real lifting operations.
DEMO-0666,Turbine installation,1,13.93863,17.90635,0.20825,0.50000,1,Generated demonstration data. Limits are illustrative and must not be used for real lifting operations.
DEMO-0667,Turbine installation,4,1.41512,9.50308,2.17023,0.50000,1,Generated demonstration data. Limits are illustrative and must not be used for real lifting operations.
DEMO-0668,Turbine installation,5,14.91404,20.77511,2.24621,0.00000,0,Generated demonstration data. Limits are illustrative and must not be used for real lifting operations.
DEMO-0669,Turbine installation,8,11.55136,12.55136,1.99854,0.00000,1,Generated demonstration data. Limits are illustrative and must not be used for real lifting operations.
DEMO-0670,Turbine installation,5,1.39906,8.60487,0.61134,0.00000,1,Generated demonstration data. Limits are illustrative and must not be used for real lifting operations.
DEMO-0671,Turbine installation,3,9.84344,10.84344,2.73965,1.00000,0,Generated demonstration data. Limits are illustrative and must not be used for real lifting operations.
DEMO-0672,Turbine installation,5,0.51269,14.20756,2.25947,1.00000,1,Generated demonstration data. Limits are illustrative and must not be used for real lifting operations.
DEMO-0673,Turbine installation,2,11.55280,13.11328,1.97327,0.00000,0,Generated demonstration data. Limits are illustrative and must not be used for real lifting operations.
DEMO-0674,Turbine installation,1,11.98834,18.52362,1.95283,0.00000,0,Generated demonstration data. Limits are illustrative and must not be used for real lifting operations.
DEMO-0675,Turbine installation,6,9.03615,13.36285,2.71307,0.50000,1,Generated demonstration data. Limits are illustrative and must not be used for real lifting operations.
DEMO-0676,Turbine installation,8,12.85291,13.85291,2.78492,0.00000,0,Generated demonstration data. Limits are illustrative and must not be used for real lifting operations.
DEMO-0677,Turbine installation,7,1.46825,9.70979,1.78691,1.00000,1,Generated demonstration data. Limits are illustrative and must not be used for real lifting operations.
DEMO-0678,Turbine installation,5,4.13886,10.00664,1.25001,1.00000,1,Generated demonstration data. Limits are illustrative and must not be used for real lifting operations.
DEMO-0679,Turbine installation,1,6.21266,21.70126,1.09120,0.00000,1,Generated demonstration data. Limits are illustrative and must not be used for real lifting operations.
DEMO-0680,Turbine installation,8,0.63687,7.97141,2.45724,0.00000,1,Generated demonstration data. Limits are illustrative and must not be used for real lifting operations.
DEMO-0681,Turbine installation,4,6.72324,22.78718,1.93382,0.00000,1,Generated demonstration data. Limits are illustrative and must not be used for real lifting operations.
DEMO-0682,Turbine installation,3,3.97820,10.88455,0.23180,0.50000,0,Generated demonstration data. Limits are illustrative and must not be used for real lifting operations.
DEMO-0683,Turbine installation,8,5.89103,6.89103,0.42656,1.00000,1,Generated demonstration data. Limits are illustrative and must not be used for real lifting operations.
DEMO-0684,Turbine installation,6,6.37654,9.47643,2.70056,0.50000,1,Generated demonstration data. Limits are illustrative and must not be used for real lifting operations.
DEMO-0685,Turbine installation,6,13.19118,14.19118,2.65349,0.00000,0,Generated demonstration data. Limits are illustrative and must not be used for real lifting operations.
DEMO-0686,Turbine installation,3,4.05511,19.22054,2.85550,0.00000,1,Generated demonstration data. Limits are illustrative and must not be used for real lifting operations.
DEMO-0687,Turbine installation,8,13.40615,14.40615,1.28355,0.00000,0,Generated demonstration data. Limits are illustrative and must not be used for real lifting operations.
DEMO-0688,Turbine installation,4,6.38956,11.06576,2.35218,0.00000,1,Generated demonstration data. Limits are illustrative and must not be used for real lifting operations.
DEMO-0689,Turbine installation,5,4.91712,16.91689,2.48468,0.50000,0,Generated demonstration data. Limits are illustrative and must not be used for real lifting operations.
DEMO-0690,Turbine installation,7,7.53768,16.35164,0.94709,0.50000,0,Generated demonstration data. Limits are illustrative and must not be used for real lifting operations.
DEMO-0691,Turbine installation,6,6.26615,21.91770,0.43601,0.00000,1,Generated demonstration data. Limits are illustrative and must not be used for real lifting operations.
DEMO-0692,Turbine installation,2,3.86058,22.30269,2.99108,0.00000,1,Generated demonstration data. Limits are illustrative and must not be used for real lifting operations.
DEMO-0693,Turbine installation,3,7.54019,17.25231,0.09066,1.00000,1,Generated demonstration data. Limits are illustrative and must not be used for real lifting operations.
DEMO-0694,Turbine installation,3,2.27703,19.72069,1.79201,1.00000,0,Generated demonstration data. Limits are illustrative and must not be used for real lifting operations.
DEMO-0695,Turbine installation,8,5.27895,19.26365,1.95064,0.50000,0,Generated demonstration data. Limits are illustrative and must not be used for real lifting operations.
DEMO-0696,Turbine installation,6,8.48685,13.84346,2.04537,0.50000,1,Generated demonstration data. Limits are illustrative and must not be used for real lifting operations.
DEMO-0697,Turbine installation,3,6.20112,17.68025,0.76688,0.50000,1,Generated demonstration data. Limits are illustrative and must not be used for real lifting operations.
DEMO-0698,Turbine installation,6,12.35869,13.35869,2.16474,0.50000,0,Generated demonstration data. Limits are illustrative and must not be used for real lifting operations.
DEMO-0699,Turbine installation,6,3.85083,18.64438,0.64920,0.00000,1,Generated demonstration data. Limits are illustrative and must not be used for real lifting operations.
DEMO-0700,Turbine installation,4,14.54657,22.31299,2.48711,0.50000,0,Generated demonstration data. Limits are illustrative and must not be used for real lifting operations.
DEMO-0701,Turbine installation,4,11.77083,12.77083,0.65735,1.00000,1,Generated demonstration data. Limits are illustrative and must not be used for real lifting operations.
DEMO-0702,Turbine installation,8,14.51390,20.05008,2.09012,0.50000,0,Generated demonstration data. Limits are illustrative and must not be used for real lifting operations.
DEMO-0703,Turbine installation,5,12.57205,21.79364,2.35024,1.00000,0,Generated demonstration data. Limits are illustrative and must not be used for real lifting operations.
DEMO-0704,Turbine installation,2,2.13156,9.07140,0.56684,0.50000,1,Generated demonstration data. Limits are illustrative and must not be used for real lifting operations.
DEMO-0705,Turbine installation,6,7.89690,14.44660,0.71396,0.00000,1,Generated demonstration data. Limits are illustrative and must not be used for real lifting operations.
DEMO-0706,Turbine installation,5,2.54968,21.70145,2.33731,0.50000,0,Generated demonstration data. Limits are illustrative and must not be used for real lifting operations.
DEMO-0707,Turbine installation,5,12.27341,22.28407,0.25800,1.00000,0,Generated demonstration data. Limits are illustrative and must not be used for real lifting operations.
DEMO-0708,Turbine installation,6,8.76243,9.76243,0.57228,0.50000,0,Generated demonstration data. Limits are illustrative and must not be used for real lifting operations.
DEMO-0709,Turbine installation,8,3.95174,11.28208,1.36659,0.50000,1,Generated demonstration data. Limits are illustrative and must not be used for real lifting operations.
DEMO-0710,Turbine installation,3,13.94398,17.56660,2.79055,0.00000,1,Generated demonstration data. Limits are illustrative and must not be used for real lifting operations.
DEMO-0711,Turbine installation,4,1.72779,8.98805,1.68563,1.00000,1,Generated demonstration data. Limits are illustrative and must not be used for real lifting operations.
DEMO-0712,Turbine installation,2,8.45794,10.84587,1.16303,0.50000,1,Generated demonstration data. Limits are illustrative and must not be used for real lifting operations.
DEMO-0713,Turbine installation,6,10.81561,11.81561,2.93511,0.00000,1,Generated demonstration data. Limits are illustrative and must not be used for real lifting operations.
DEMO-0714,Turbine installation,4,0.88273,7.76339,1.39113,0.50000,1,Generated demonstration data. Limits are illustrative and must not be used for real lifting operations.
DEMO-0715,Turbine installation,3,8.96784,15.12193,1.30120,0.00000,1,Generated demonstration data. Limits are illustrative and must not be used for real lifting operations.
DEMO-0716,Turbine installation,6,12.23852,16.75562,1.23493,1.00000,0,Generated demonstration data. Limits are illustrative and must not be used for real lifting operations.
DEMO-0717,Turbine installation,4,1.01291,16.68041,0.93654,1.00000,1,Generated demonstration data. Limits are illustrative and must not be used for real lifting operations.
DEMO-0718,Turbine installation,4,7.68364,19.01049,0.97708,0.00000,0,Generated demonstration data. Limits are illustrative and must not be used for real lifting operations.
DEMO-0719,Turbine installation,4,3.87836,12.47507,2.06351,1.00000,1,Generated demonstration data. Limits are illustrative and must not be used for real lifting operations.
DEMO-0720,Turbine installation,3,9.94387,10.94387,0.12251,0.00000,1,Generated demonstration data. Limits are illustrative and must not be used for real lifting operations.
DEMO-0721,Turbine installation,2,1.78016,5.28045,2.04545,0.50000,1,Generated demonstration data. Limits are illustrative and must not be used for real lifting operations.
DEMO-0722,Turbine installation,7,14.05577,15.05577,0.60361,0.50000,0,Generated demonstration data. Limits are illustrative and must not be used for real lifting operations.
DEMO-0723,Turbine installation,1,13.42093,14.42093,1.15262,0.00000,1,Generated demonstration data. Limits are illustrative and must not be used for real lifting operations.
DEMO-0724,Turbine installation,3,2.78962,8.20772,0.43962,1.00000,1,Generated demonstration data. Limits are illustrative and must not be used for real lifting operations.
DEMO-0725,Turbine installation,6,4.84899,5.84899,1.65825,1.00000,1,Generated demonstration data. Limits are illustrative and must not be used for real lifting operations.
DEMO-0726,Turbine installation,2,8.81452,9.81452,2.18805,0.50000,1,Generated demonstration data. Limits are illustrative and must not be used for real lifting operations.
DEMO-0727,Turbine installation,6,10.77094,16.98979,1.06397,0.00000,0,Generated demonstration data. Limits are illustrative and must not be used for real lifting operations.
DEMO-0728,Turbine installation,6,6.63984,16.33254,0.49025,1.00000,1,Generated demonstration data. Limits are illustrative and must not be used for real lifting operations.
DEMO-0729,Turbine installation,6,2.34437,21.84231,0.67952,0.50000,0,Generated demonstration data. Limits are illustrative and must not be used for real lifting operations.
DEMO-0730,Turbine installation,3,1.56227,19.36703,2.45434,1.00000,1,Generated demonstration data. Limits are illustrative and must not be used for real lifting operations.
DEMO-0731,Turbine installation,1,14.99648,15.99648,0.80295,0.50000,1,Generated demonstration data. Limits are illustrative and must not be used for real lifting operations.
DEMO-0732,Turbine installation,8,6.83028,7.83028,2.32411,0.00000,1,Generated demonstration data. Limits are illustrative and must not be used for real lifting operations.
DEMO-0733,Turbine installation,3,13.08798,15.15329,0.99360,0.00000,0,Generated demonstration data. Limits are illustrative and must not be used for real lifting operations.
DEMO-0734,Turbine installation,7,7.23564,8.23564,0.56620,0.00000,1,Generated demonstration data. Limits are illustrative and must not be used for real lifting operations.
DEMO-0735,Turbine installation,2,13.83536,14.83536,2.18193,0.00000,0,Generated demonstration data. Limits are illustrative and must not be used for real lifting operations.
DEMO-0736,Turbine installation,2,1.31639,12.02466,1.40564,0.00000,1,Generated demonstration data. Limits are illustrative and must not be used for real lifting operations.
DEMO-0737,Turbine installation,7,1.71029,12.70065,0.09383,0.00000,1,Generated demonstration data. Limits are illustrative and must not be used for real lifting operations.
DEMO-0738,Turbine installation,8,13.94448,14.94448,2.87983,1.00000,0,Generated demonstration data. Limits are illustrative and must not be used for real lifting operations.
DEMO-0739,Turbine installation,7,14.21240,17.34495,0.44326,1.00000,0,Generated demonstration data. Limits are illustrative and must not be used for real lifting operations.
DEMO-0740,Turbine installation,7,4.72076,20.13700,1.06022,0.00000,1,Generated demonstration data. Limits are illustrative and must not be used for real lifting operations.
DEMO-0741,Turbine installation,2,5.32747,18.83331,1.15438,0.00000,1,Generated demonstration data. Limits are illustrative and must not be used for real lifting operations.
DEMO-0742,Turbine installation,8,6.78675,16.29954,1.46829,1.00000,1,Generated demonstration data. Limits are illustrative and must not be used for real lifting operations.
DEMO-0743,Turbine installation,6,6.24243,14.69021,2.35633,0.50000,1,Generated demonstration data. Limits are illustrative and must not be used for real lifting operations.
DEMO-0744,Turbine installation,2,2.85068,5.55952,0.01827,0.50000,1,Generated demonstration data. Limits are illustrative and must not be used for real lifting operations.
DEMO-0745,Turbine installation,2,13.47563,18.01281,2.79742,1.00000,0,Generated demonstration data. Limits are illustrative and must not be used for real lifting operations.
DEMO-0746,Turbine installation,7,3.79961,14.80969,1.93797,0.50000,1,Generated demonstration data. Limits are illustrative and must not be used for real lifting operations.
DEMO-0747,Turbine installation,3,10.57909,11.57909,2.85195,1.00000,0,Generated demonstration data. Limits are illustrative and must not be used for real lifting operations.
DEMO-0748,Turbine installation,7,1.00734,10.90116,2.45217,0.50000,1,Generated demonstration data. Limits are illustrative and must not be used for real lifting operations.
DEMO-0749,Turbine installation,2,0.58127,21.84092,2.78351,0.50000,0,Generated demonstration data. Limits are illustrative and must not be used for real lifting operations.
DEMO-0750,Turbine installation,3,9.80596,16.23852,1.80300,0.00000,1,Generated demonstration data. Limits are illustrative and must not be used for real lifting operations.
DEMO-0751,Turbine installation,3,5.08524,13.56642,1.07193,0.50000,0,Generated demonstration data. Limits are illustrative and must not be used for real lifting operations.
DEMO-0752,Turbine installation,3,9.83189,16.17659,1.32874,1.00000,1,Generated demonstration data. Limits are illustrative and must not be used for real lifting operations.
DEMO-0753,Turbine installation,6,1.41032,12.44736,1.97410,0.50000,1,Generated demonstration data. Limits are illustrative and must not be used for real lifting operations.
DEMO-0754,Turbine installation,8,14.24777,15.24777,1.28080,0.00000,0,Generated demonstration data. Limits are illustrative and must not be used for real lifting operations.
DEMO-0755,Turbine installation,8,11.22772,12.22772,2.19502,0.50000,0,Generated demonstration data. Limits are illustrative and must not be used for real lifting operations.
DEMO-0756,Turbine installation,6,13.14401,14.14401,0.27554,1.00000,1,Generated demonstration data. Limits are illustrative and must not be used for real lifting operations.
DEMO-0757,Turbine installation,2,2.04706,17.34066,2.48996,1.00000,1,Generated demonstration data. Limits are illustrative and must not be used for real lifting operations.
DEMO-0758,Turbine installation,8,4.80241,5.80241,0.61257,0.50000,1,Generated demonstration data. Limits are illustrative and must not be used for real lifting operations.
DEMO-0759,Turbine installation,5,5.52516,19.31049,2.83184,1.00000,0,Generated demonstration data. Limits are illustrative and must not be used for real lifting operations.
DEMO-0760,Turbine installation,5,8.05759,10.09363,0.46664,0.00000,1,Generated demonstration data. Limits are illustrative and must not be used for real lifting operations.
DEMO-0761,Turbine installation,6,4.45303,17.28608,0.38749,0.50000,0,Generated demonstration data. Limits are illustrative and must not be used for real lifting operations.
DEMO-0762,Turbine installation,7,0.90946,16.56906,2.43563,0.50000,1,Generated demonstration data. Limits are illustrative and must not be used for real lifting operations.
DEMO-0763,Turbine installation,8,5.53318,16.74730,2.45611,0.00000,1,Generated demonstration data. Limits are illustrative and must not be used for real lifting operations.
DEMO-0764,Turbine installation,5,3.81824,15.94632,2.21628,1.00000,1,Generated demonstration data. Limits are illustrative and must not be used for real lifting operations.
DEMO-0765,Turbine installation,5,5.78882,22.26383,2.88159,1.00000,1,Generated demonstration data. Limits are illustrative and must not be used for real lifting operations.
DEMO-0766,Turbine installation,6,2.95439,14.15019,0.81162,0.00000,1,Generated demonstration data. Limits are illustrative and must not be used for real lifting operations.
DEMO-0767,Turbine installation,3,3.92845,18.18174,2.47995,0.00000,1,Generated demonstration data. Limits are illustrative and must not be used for real lifting operations.
DEMO-0768,Turbine installation,3,9.40429,17.69809,1.05612,1.00000,1,Generated demonstration data. Limits are illustrative and must not be used for real lifting operations.
DEMO-0769,Turbine installation,6,5.82231,9.25282,1.61220,1.00000,1,Generated demonstration data. Limits are illustrative and must not be used for real lifting operations.
DEMO-0770,Turbine installation,1,5.18075,10.09951,1.33680,1.00000,1,Generated demonstration data. Limits are illustrative and must not be used for real lifting operations.
DEMO-0771,Turbine installation,3,8.00858,12.63231,0.01755,0.00000,1,Generated demonstration data. Limits are illustrative and must not be used for real lifting operations.
DEMO-0772,Turbine installation,6,11.57791,12.57791,1.72339,1.00000,0,Generated demonstration data. Limits are illustrative and must not be used for real lifting operations.
DEMO-0773,Turbine installation,8,5.68302,11.60138,2.24252,1.00000,1,Generated demonstration data. Limits are illustrative and must not be used for real lifting operations.
DEMO-0774,Turbine installation,5,8.81279,12.03729,0.52366,1.00000,1,Generated demonstration data. Limits are illustrative and must not be used for real lifting operations.
DEMO-0775,Turbine installation,4,14.49304,15.86956,2.79497,1.00000,1,Generated demonstration data. Limits are illustrative and must not be used for real lifting operations.
DEMO-0776,Turbine installation,4,7.82970,8.95802,1.59120,1.00000,1,Generated demonstration data. Limits are illustrative and must not be used for real lifting operations.
DEMO-0777,Turbine installation,6,13.64696,19.47725,0.53474,0.50000,1,Generated demonstration data. Limits are illustrative and must not be used for real lifting operations.
DEMO-0778,Turbine installation,5,11.90509,12.90509,1.93784,0.00000,1,Generated demonstration data. Limits are illustrative and must not be used for real lifting operations.
DEMO-0779,Turbine installation,1,0.88078,17.71239,0.57577,0.00000,1,Generated demonstration data. Limits are illustrative and must not be used for real lifting operations.
DEMO-0780,Turbine installation,5,6.43648,7.43648,0.19060,1.00000,1,Generated demonstration data. Limits are illustrative and must not be used for real lifting operations.
DEMO-0781,Turbine installation,4,10.47478,13.45938,2.05595,1.00000,1,Generated demonstration data. Limits are illustrative and must not be used for real lifting operations.
DEMO-0782,Turbine installation,6,14.80068,15.80068,0.33208,0.00000,1,Generated demonstration data. Limits are illustrative and must not be used for real lifting operations.
DEMO-0783,Turbine installation,8,6.87564,17.16638,0.31865,0.50000,1,Generated demonstration data. Limits are illustrative and must not be used for real lifting operations.
DEMO-0784,Turbine installation,8,1.39178,11.18678,2.21983,0.00000,1,Generated demonstration data. Limits are illustrative and must not be used for real lifting operations.
DEMO-0785,Turbine installation,5,8.43014,22.08655,0.16561,0.00000,0,Generated demonstration data. Limits are illustrative and must not be used for real lifting operations.
DEMO-0786,Turbine installation,3,1.89846,10.83424,2.42931,0.50000,1,Generated demonstration data. Limits are illustrative and must not be used for real lifting operations.
DEMO-0787,Turbine installation,4,11.27279,15.14851,2.38845,0.50000,1,Generated demonstration data. Limits are illustrative and must not be used for real lifting operations.
DEMO-0788,Turbine installation,2,7.61515,9.63298,0.42418,0.50000,1,Generated demonstration data. Limits are illustrative and must not be used for real lifting operations.
DEMO-0789,Turbine installation,8,10.85147,16.16203,1.55514,0.50000,0,Generated demonstration data. Limits are illustrative and must not be used for real lifting operations.
DEMO-0790,Turbine installation,7,13.04043,14.04043,0.28988,0.50000,0,Generated demonstration data. Limits are illustrative and must not be used for real lifting operations.
DEMO-0791,Turbine installation,7,9.43422,11.67131,1.89771,1.00000,1,Generated demonstration data. Limits are illustrative and must not be used for real lifting operations.
DEMO-0792,Turbine installation,3,9.18659,10.18659,0.18879,0.00000,1,Generated demonstration data. Limits are illustrative and must not be used for real lifting operations.
DEMO-0793,Turbine installation,3,11.31855,12.31855,2.83344,0.00000,1,Generated demonstration data. Limits are illustrative and must not be used for real lifting operations.
DEMO-0794,Turbine installation,7,12.63683,13.63683,0.62319,0.50000,1,Generated demonstration data. Limits are illustrative and must not be used for real lifting operations.
DEMO-0795,Turbine installation,5,13.03581,22.98272,2.04868,0.50000,0,Generated demonstration data. Limits are illustrative and must not be used for real lifting operations.
DEMO-0796,Turbine installation,6,0.54645,12.42159,0.38487,1.00000,1,Generated demonstration data. Limits are illustrative and must not be used for real lifting operations.
DEMO-0797,Turbine installation,4,8.34285,9.34285,0.62879,1.00000,1,Generated demonstration data. Limits are illustrative and must not be used for real lifting operations.
DEMO-0798,Turbine installation,4,3.24404,22.15272,1.35285,0.50000,0,Generated demonstration data. Limits are illustrative and must not be used for real lifting operations.
DEMO-0799,Turbine installation,6,12.90519,13.90519,1.71929,0.00000,0,Generated demonstration data. Limits are illustrative and must not be used for real lifting operations.
DEMO-0800,Turbine installation,7,9.72597,12.53455,2.99659,0.00000,0,Generated demonstration data. Limits are illustrative and must not be used for real lifting operations.
DEMO-0801,Turbine installation,3,6.30334,17.91460,0.07778,0.50000,1,Generated demonstration data. Limits are illustrative and must not be used for real lifting operations.
DEMO-0802,Turbine installation,7,2.82156,21.46279,0.00094,0.50000,1,Generated demonstration data. Limits are illustrative and must not be used for real lifting operations.
DEMO-0803,Turbine installation,2,5.08535,17.83195,1.05110,0.50000,1,Generated demonstration data. Limits are illustrative and must not be used for real lifting operations.
DEMO-0804,Turbine installation,4,10.55667,13.34526,1.09847,0.00000,0,Generated demonstration data. Limits are illustrative and must not be used for real lifting operations.
DEMO-0805,Turbine installation,8,3.06539,22.53996,2.65151,1.00000,1,Generated demonstration data. Limits are illustrative and must not be used for real lifting operations.
DEMO-0806,Turbine installation,8,1.40374,5.70775,2.73775,0.50000,1,Generated demonstration data. Limits are illustrative and must not be used for real lifting operations.
DEMO-0807,Turbine installation,8,13.32043,22.76406,2.64157,0.50000,0,Generated demonstration data. Limits are illustrative and must not be used for real lifting operations.
DEMO-0808,Turbine installation,3,11.46316,20.28905,0.42954,0.00000,1,Generated demonstration data. Limits are illustrative and must not be used for real lifting operations.
DEMO-0809,Turbine installation,7,2.99692,21.72074,1.23631,1.00000,1,Generated demonstration data. Limits are illustrative and must not be used for real lifting operations.
DEMO-0810,Turbine installation,8,4.38467,9.58590,2.23766,0.50000,1,Generated demonstration data. Limits are illustrative and must not be used for real lifting operations.
DEMO-0811,Turbine installation,8,14.58105,15.58105,0.93783,0.00000,0,Generated demonstration data. Limits are illustrative and must not be used for real lifting operations.
DEMO-0812,Turbine installation,1,10.62277,16.93968,1.98971,0.00000,0,Generated demonstration data. Limits are illustrative and must not be used for real lifting operations.
DEMO-0813,Turbine installation,6,9.15783,14.28547,0.71143,0.50000,1,Generated demonstration data. Limits are illustrative and must not be used for real lifting operations.
DEMO-0814,Turbine installation,8,4.61443,14.41702,0.97026,0.00000,1,Generated demonstration data. Limits are illustrative and must not be used for real lifting operations.
DEMO-0815,Turbine installation,7,4.48688,21.64315,2.58129,1.00000,1,Generated demonstration data. Limits are illustrative and must not be used for real lifting operations.
DEMO-0816,Turbine installation,2,0.59285,16.16146,0.75153,1.00000,1,Generated demonstration data. Limits are illustrative and must not be used for real lifting operations.
DEMO-0817,Turbine installation,7,10.92723,11.92723,2.89297,1.00000,0,Generated demonstration data. Limits are illustrative and must not be used for real lifting operations.
DEMO-0818,Turbine installation,1,0.64763,12.20120,0.91878,0.50000,1,Generated demonstration data. Limits are illustrative and must not be used for real lifting operations.
DEMO-0819,Turbine installation,4,0.07286,7.40293,0.07058,0.50000,1,Generated demonstration data. Limits are illustrative and must not be used for real lifting operations.
DEMO-0820,Turbine installation,6,10.94243,11.94243,0.76470,0.50000,1,Generated demonstration data. Limits are illustrative and must not be used for real lifting operations.
DEMO-0821,Turbine installation,4,14.23311,15.23311,0.51361,0.50000,1,Generated demonstration data. Limits are illustrative and must not be used for real lifting operations.
DEMO-0822,Turbine installation,6,11.34755,19.58524,1.52048,0.50000,0,Generated demonstration data. Limits are illustrative and must not be used for real lifting operations.
DEMO-0823,Turbine installation,2,7.07460,17.68772,0.33815,0.50000,0,Generated demonstration data. Limits are illustrative and must not be used for real lifting operations.
DEMO-0824,Turbine installation,5,7.29068,14.54621,1.87815,1.00000,1,Generated demonstration data. Limits are illustrative and must not be used for real lifting operations.
DEMO-0825,Turbine installation,6,6.54205,11.73862,2.62470,0.00000,0,Generated demonstration data. Limits are illustrative and must not be used for real lifting operations.
DEMO-0826,Turbine installation,6,4.86966,17.03290,1.08756,0.00000,1,Generated demonstration data. Limits are illustrative and must not be used for real lifting operations.
DEMO-0827,Turbine installation,3,7.82571,19.63230,0.50548,1.00000,1,Generated demonstration data. Limits are illustrative and must not be used for real lifting operations.
DEMO-0828,Turbine installation,3,6.46726,20.86220,1.20007,1.00000,0,Generated demonstration data. Limits are illustrative and must not be used for real lifting operations.
DEMO-0829,Turbine installation,3,8.97252,14.84629,2.35790,1.00000,1,Generated demonstration data. Limits are illustrative and must not be used for real lifting operations.
DEMO-0830,Turbine installation,4,13.47180,19.75793,1.77446,0.50000,1,Generated demonstration data. Limits are illustrative and must not be used for real lifting operations.
DEMO-0831,Turbine installation,5,14.92514,15.92514,0.30343,0.50000,0,Generated demonstration data. Limits are illustrative and must not be used for real lifting operations.
DEMO-0832,Turbine installation,3,1.18115,13.54154,1.61156,0.00000,1,Generated demonstration data. Limits are illustrative and must not be used for real lifting operations.
DEMO-0833,Turbine installation,4,5.77025,20.57777,1.40426,0.00000,1,Generated demonstration data. Limits are illustrative and must not be used for real lifting operations.
DEMO-0834,Turbine installation,3,2.71059,11.95473,0.98134,1.00000,1,Generated demonstration data. Limits are illustrative and must not be used for real lifting operations.
DEMO-0835,Turbine installation,2,5.28181,12.12643,0.33048,0.50000,1,Generated demonstration data. Limits are illustrative and must not be used for real lifting operations.
DEMO-0836,Turbine installation,6,4.31210,10.48840,2.94334,0.50000,0,Generated demonstration data. Limits are illustrative and must not be used for real lifting operations.
DEMO-0837,Turbine installation,7,2.61806,14.33663,0.52813,0.00000,0,Generated demonstration data. Limits are illustrative and must not be used for real lifting operations.
DEMO-0838,Turbine installation,3,11.46114,14.80730,0.57823,0.50000,1,Generated demonstration data. Limits are illustrative and must not be used for real lifting operations.
DEMO-0839,Turbine installation,7,7.44433,16.88830,0.43675,1.00000,0,Generated demonstration data. Limits are illustrative and must not be used for real lifting operations.
DEMO-0840,Turbine installation,5,13.78868,14.78868,1.71058,0.50000,1,Generated demonstration data. Limits are illustrative and must not be used for real lifting operations.
DEMO-0841,Turbine installation,2,0.48889,8.92107,1.33101,0.50000,1,Generated demonstration data. Limits are illustrative and must not be used for real lifting operations.
DEMO-0842,Turbine installation,3,1.00467,20.60316,0.74867,1.00000,1,Generated demonstration data. Limits are illustrative and must not be used for real lifting operations.
DEMO-0843,Turbine installation,1,6.04910,11.22802,1.28827,0.00000,1,Generated demonstration data. Limits are illustrative and must not be used for real lifting operations.
DEMO-0844,Turbine installation,1,1.20416,21.61298,2.02057,0.00000,1,Generated demonstration data. Limits are illustrative and must not be used for real lifting operations.
DEMO-0845,Turbine installation,3,3.94094,8.73236,0.84510,0.50000,1,Generated demonstration data. Limits are illustrative and must not be used for real lifting operations.
DEMO-0846,Turbine installation,4,14.79045,15.79045,2.74574,0.50000,1,Generated demonstration data. Limits are illustrative and must not be used for real lifting operations.
DEMO-0847,Turbine installation,7,3.13439,14.65907,0.91904,1.00000,1,Generated demonstration data. Limits are illustrative and must not be used for real lifting operations.
DEMO-0848,Turbine installation,2,2.97177,19.91566,0.59454,0.00000,1,Generated demonstration data. Limits are illustrative and must not be used for real lifting operations.
DEMO-0849,Turbine installation,7,8.60461,9.60461,2.86370,0.00000,1,Generated demonstration data. Limits are illustrative and must not be used for real lifting operations.
DEMO-0850,Turbine installation,2,7.46997,21.37887,2.43168,0.50000,0,Generated demonstration data. Limits are illustrative and must not be used for real lifting operations.
DEMO-0851,Turbine installation,2,8.70657,14.56571,1.02941,0.50000,1,Generated demonstration data. Limits are illustrative and must not be used for real lifting operations.
DEMO-0852,Turbine installation,6,5.65103,15.54997,2.52430,1.00000,1,Generated demonstration data. Limits are illustrative and must not be used for real lifting operations.
DEMO-0853,Turbine installation,7,12.40144,14.18299,1.55644,0.50000,1,Generated demonstration data. Limits are illustrative and must not be used for real lifting operations.
DEMO-0854,Turbine installation,5,2.07871,5.64845,1.04026,0.50000,1,Generated demonstration data. Limits are illustrative and must not be used for real lifting operations.
DEMO-0855,Turbine installation,1,6.42589,13.94763,2.51883,0.00000,1,Generated demonstration data. Limits are illustrative and must not be used for real lifting operations.
DEMO-0856,Turbine installation,1,10.34643,11.34643,2.25650,0.50000,1,Generated demonstration data. Limits are illustrative and must not be used for real lifting operations.
DEMO-0857,Turbine installation,4,13.02355,14.02355,0.89362,0.50000,1,Generated demonstration data. Limits are illustrative and must not be used for real lifting operations.
DEMO-0858,Turbine installation,4,5.54357,16.68383,1.82004,0.50000,1,Generated demonstration data. Limits are illustrative and must not be used for real lifting operations.
DEMO-0859,Turbine installation,8,8.51618,13.95855,1.10817,0.50000,1,Generated demonstration data. Limits are illustrative and must not be used for real lifting operations.
DEMO-0860,Turbine installation,3,1.03710,6.67793,0.00316,0.50000,1,Generated demonstration data. Limits are illustrative and must not be used for real lifting operations.
DEMO-0861,Turbine installation,2,2.55479,6.31474,2.88545,0.00000,1,Generated demonstration data. Limits are illustrative and must not be used for real lifting operations.
DEMO-0862,Turbine installation,8,1.03707,8.34184,1.64889,0.00000,1,Generated demonstration data. Limits are illustrative and must not be used for real lifting operations.
DEMO-0863,Turbine installation,2,10.91821,11.91821,1.79530,0.00000,0,Generated demonstration data. Limits are illustrative and must not be used for real lifting operations.
DEMO-0864,Turbine installation,1,4.32090,15.94941,1.79967,0.50000,1,Generated demonstration data. Limits are illustrative and must not be used for real lifting operations.
DEMO-0865,Turbine installation,4,10.85618,11.85618,1.65192,1.00000,1,Generated demonstration data. Limits are illustrative and must not be used for real lifting operations.
DEMO-0866,Turbine installation,4,0.99597,20.87095,0.87014,1.00000,1,Generated demonstration data. Limits are illustrative and must not be used for real lifting operations.
DEMO-0867,Turbine installation,5,12.93822,13.93822,2.91473,0.00000,0,Generated demonstration data. Limits are illustrative and must not be used for real lifting operations.
DEMO-0868,Turbine installation,8,12.53295,13.53295,1.86501,0.00000,0,Generated demonstration data. Limits are illustrative and must not be used for real lifting operations.
DEMO-0869,Turbine installation,8,1.33393,20.76343,2.01276,0.50000,1,Generated demonstration data. Limits are illustrative and must not be used for real lifting operations.
DEMO-0870,Turbine installation,3,0.35635,10.31590,1.36438,0.00000,1,Generated demonstration data. Limits are illustrative and must not be used for real lifting operations.
DEMO-0871,Turbine installation,8,0.84433,12.65761,0.86358,0.50000,1,Generated demonstration data. Limits are illustrative and must not be used for real lifting operations.
DEMO-0872,Turbine installation,6,12.80445,22.26247,0.19305,0.50000,0,Generated demonstration data. Limits are illustrative and must not be used for real lifting operations.
DEMO-0873,Turbine installation,1,3.52055,21.99865,1.05069,1.00000,0,Generated demonstration data. Limits are illustrative and must not be used for real lifting operations.
DEMO-0874,Turbine installation,8,8.22410,17.86850,0.52829,0.50000,1,Generated demonstration data. Limits are illustrative and must not be used for real lifting operations.
DEMO-0875,Turbine installation,2,6.39366,7.39366,1.98626,1.00000,1,Generated demonstration data. Limits are illustrative and must not be used for real lifting operations.
DEMO-0876,Turbine installation,5,11.93288,15.68012,2.63701,0.50000,0,Generated demonstration data. Limits are illustrative and must not be used for real lifting operations.
DEMO-0877,Turbine installation,7,7.33347,22.80340,0.90826,1.00000,1,Generated demonstration data. Limits are illustrative and must not be used for real lifting operations.
DEMO-0878,Turbine installation,2,7.50991,22.04449,0.99865,0.50000,1,Generated demonstration data. Limits are illustrative and must not be used for real lifting operations.
DEMO-0879,Turbine installation,3,14.83638,15.83638,2.01109,0.50000,1,Generated demonstration data. Limits are illustrative and must not be used for real lifting operations.
DEMO-0880,Turbine installation,4,2.25194,12.12741,0.44781,0.50000,0,Generated demonstration data. Limits are illustrative and must not be used for real lifting operations.
DEMO-0881,Turbine installation,8,12.46056,13.46056,2.78831,0.50000,1,Generated demonstration data. Limits are illustrative and must not be used for real lifting operations.
DEMO-0882,Turbine installation,2,0.77625,7.33511,1.09154,1.00000,1,Generated demonstration data. Limits are illustrative and must not be used for real lifting operations.
DEMO-0883,Turbine installation,6,7.16473,17.50637,0.30360,0.50000,1,Generated demonstration data. Limits are illustrative and must not be used for real lifting operations.
DEMO-0884,Turbine installation,4,13.29502,14.29502,0.52405,0.00000,0,Generated demonstration data. Limits are illustrative and must not be used for real lifting operations.
DEMO-0885,Turbine installation,1,9.97821,11.20758,2.79824,0.50000,1,Generated demonstration data. Limits are illustrative and must not be used for real lifting operations.
DEMO-0886,Turbine installation,6,10.27822,11.27822,0.74136,0.50000,0,Generated demonstration data. Limits are illustrative and must not be used for real lifting operations.
DEMO-0887,Turbine installation,7,3.94976,13.96342,1.98681,0.50000,1,Generated demonstration data. Limits are illustrative and must not be used for real lifting operations.
DEMO-0888,Turbine installation,5,6.27862,7.84702,0.46850,0.00000,1,Generated demonstration data. Limits are illustrative and must not be used for real lifting operations.
DEMO-0889,Turbine installation,2,5.49872,12.77763,0.58231,0.00000,1,Generated demonstration data. Limits are illustrative and must not be used for real lifting operations.
DEMO-0890,Turbine installation,2,7.82165,8.82165,2.63771,0.00000,1,Generated demonstration data. Limits are illustrative and must not be used for real lifting operations.
DEMO-0891,Turbine installation,4,6.93342,22.16930,0.44410,0.50000,1,Generated demonstration data. Limits are illustrative and must not be used for real lifting operations.
DEMO-0892,Turbine installation,5,4.90348,7.60969,0.05625,0.00000,1,Generated demonstration data. Limits are illustrative and must not be used for real lifting operations.
DEMO-0893,Turbine installation,5,4.58221,14.39397,1.50370,0.50000,1,Generated demonstration data. Limits are illustrative and must not be used for real lifting operations.
DEMO-0894,Turbine installation,2,3.76279,8.54564,2.58818,0.00000,1,Generated demonstration data. Limits are illustrative and must not be used for real lifting operations.
DEMO-0895,Turbine installation,5,5.47571,6.47571,0.97797,0.00000,1,Generated demonstration data. Limits are illustrative and must not be used for real lifting operations.
DEMO-0896,Turbine installation,3,2.24912,8.64156,0.38449,0.00000,1,Generated demonstration data. Limits are illustrative and must not be used for real lifting operations.
DEMO-0897,Turbine installation,6,13.08156,14.08156,2.94669,0.00000,0,Generated demonstration data. Limits are illustrative and must not be used for real lifting operations.
DEMO-0898,Turbine installation,7,9.03179,10.03179,2.03022,0.00000,0,Generated demonstration data. Limits are illustrative and must not be used for real lifting operations.
DEMO-0899,Turbine installation,6,2.00680,13.88271,2.55207,1.00000,0,Generated demonstration data. Limits are illustrative and must not be used for real lifting operations.
DEMO-0900,Turbine installation,1,10.40789,16.73268,2.25641,0.00000,1,Generated demonstration data. Limits are illustrative and must not be used for real lifting operations.
DEMO-0901,Turbine installation,8,12.71500,13.71500,2.09473,0.50000,0,Generated demonstration data. Limits are illustrative and must not be used for real lifting operations.
DEMO-0902,Turbine installation,1,3.56304,12.93834,1.15369,0.50000,1,Generated demonstration data. Limits are illustrative and must not be used for real lifting operations.
DEMO-0903,Turbine installation,8,2.25901,15.46245,0.97302,1.00000,0,Generated demonstration data. Limits are illustrative and must not be used for real lifting operations.
DEMO-0904,Turbine installation,1,0.12926,9.21606,2.15088,0.50000,0,Generated demonstration data. Limits are illustrative and must not be used for real lifting operations.
DEMO-0905,Turbine installation,5,0.70876,11.69741,2.15014,0.50000,1,Generated demonstration data. Limits are illustrative and must not be used for real lifting operations.
DEMO-0906,Turbine installation,1,11.43377,12.43377,2.85177,1.00000,1,Generated demonstration data. Limits are illustrative and must not be used for real lifting operations.
DEMO-0907,Turbine installation,1,14.80779,15.80779,1.70598,1.00000,0,Generated demonstration data. Limits are illustrative and must not be used for real lifting operations.
DEMO-0908,Turbine installation,6,0.67320,13.40155,0.88386,0.00000,0,Generated demonstration data. Limits are illustrative and must not be used for real lifting operations.
DEMO-0909,Turbine installation,6,11.22106,22.82796,1.46859,1.00000,0,Generated demonstration data. Limits are illustrative and must not be used for real lifting operations.
DEMO-0910,Turbine installation,1,1.07793,22.93277,1.84114,0.50000,0,Generated demonstration data. Limits are illustrative and must not be used for real lifting operations.
DEMO-0911,Turbine installation,8,8.88199,22.63319,1.28019,0.00000,0,Generated demonstration data. Limits are illustrative and must not be used for real lifting operations.
DEMO-0912,Turbine installation,3,11.34113,12.61555,2.37340,0.50000,0,Generated demonstration data. Limits are illustrative and must not be used for real lifting operations.
DEMO-0913,Turbine installation,3,5.38807,6.45225,1.75384,1.00000,1,Generated demonstration data. Limits are illustrative and must not be used for real lifting operations.
DEMO-0914,Turbine installation,3,0.16402,10.82432,0.02831,0.00000,1,Generated demonstration data. Limits are illustrative and must not be used for real lifting operations.
DEMO-0915,Turbine installation,4,8.92784,9.92784,1.70952,0.00000,1,Generated demonstration data. Limits are illustrative and must not be used for real lifting operations.
DEMO-0916,Turbine installation,2,14.86867,15.86867,1.90081,1.00000,1,Generated demonstration data. Limits are illustrative and must not be used for real lifting operations.
DEMO-0917,Turbine installation,4,3.86426,6.71420,2.74578,0.50000,1,Generated demonstration data. Limits are illustrative and must not be used for real lifting operations.
DEMO-0918,Turbine installation,2,2.84237,13.15745,1.24117,0.00000,1,Generated demonstration data. Limits are illustrative and must not be used for real lifting operations.
DEMO-0919,Turbine installation,1,1.85889,11.11392,1.72340,1.00000,1,Generated demonstration data. Limits are illustrative and must not be used for real lifting operations.
DEMO-0920,Turbine installation,3,8.32883,9.32883,1.42499,0.50000,0,Generated demonstration data. Limits are illustrative and must not be used for real lifting operations.
DEMO-0921,Turbine installation,6,8.94668,17.88980,1.59497,0.00000,0,Generated demonstration data. Limits are illustrative and must not be used for real lifting operations.
DEMO-0922,Turbine installation,7,11.88406,12.88406,0.20191,0.00000,0,Generated demonstration data. Limits are illustrative and must not be used for real lifting operations.
DEMO-0923,Turbine installation,3,11.29610,20.33362,2.69185,0.50000,1,Generated demonstration data. Limits are illustrative and must not be used for real lifting operations.
DEMO-0924,Turbine installation,3,13.38812,14.38812,2.73124,0.00000,1,Generated demonstration data. Limits are illustrative and must not be used for real lifting operations.
DEMO-0925,Turbine installation,7,12.08659,14.69108,1.64418,0.50000,0,Generated demonstration data. Limits are illustrative and must not be used for real lifting operations.
DEMO-0926,Turbine installation,6,3.70901,8.31451,1.66967,0.00000,1,Generated demonstration data. Limits are illustrative and must not be used for real lifting operations.
DEMO-0927,Turbine installation,7,8.33816,13.91541,0.17267,0.00000,1,Generated demonstration data. Limits are illustrative and must not be used for real lifting operations.
DEMO-0928,Turbine installation,8,4.46118,7.74440,1.79385,1.00000,1,Generated demonstration data. Limits are illustrative and must not be used for real lifting operations.
DEMO-0929,Turbine installation,7,4.94678,7.90842,1.28746,0.00000,0,Generated demonstration data. Limits are illustrative and must not be used for real lifting operations.
DEMO-0930,Turbine installation,8,13.97917,16.02002,2.12713,1.00000,0,Generated demonstration data. Limits are illustrative and must not be used for real lifting operations.
DEMO-0931,Turbine installation,4,10.22844,11.22844,0.14137,0.00000,0,Generated demonstration data. Limits are illustrative and must not be used for real lifting operations.
DEMO-0932,Turbine installation,4,14.61886,15.61886,2.13266,0.50000,0,Generated demonstration data. Limits are illustrative and must not be used for real lifting operations.
DEMO-0933,Turbine installation,3,6.25369,21.73583,0.86068,0.00000,1,Generated demonstration data. Limits are illustrative and must not be used for real lifting operations.
DEMO-0934,Turbine installation,2,8.06156,9.06156,1.95512,0.50000,1,Generated demonstration data. Limits are illustrative and must not be used for real lifting operations.
DEMO-0935,Turbine installation,6,7.30673,15.17267,1.88138,0.50000,1,Generated demonstration data. Limits are illustrative and must not be used for real lifting operations.
DEMO-0936,Turbine installation,6,1.60931,14.86875,0.68052,0.00000,1,Generated demonstration data. Limits are illustrative and must not be used for real lifting operations.
DEMO-0937,Turbine installation,7,3.55053,9.51096,1.32136,0.50000,1,Generated demonstration data. Limits are illustrative and must not be used for real lifting operations.
DEMO-0938,Turbine installation,2,7.91455,13.14989,2.50690,1.00000,1,Generated demonstration data. Limits are illustrative and must not be used for real lifting operations.
DEMO-0939,Turbine installation,4,1.01061,6.57928,1.81677,0.50000,1,Generated demonstration data. Limits are illustrative and must not be used for real lifting operations.
DEMO-0940,Turbine installation,2,13.97193,17.98286,0.20621,0.00000,0,Generated demonstration data. Limits are illustrative and must not be used for real lifting operations.
DEMO-0941,Turbine installation,8,1.85766,8.99055,1.32873,1.00000,1,Generated demonstration data. Limits are illustrative and must not be used for real lifting operations.
DEMO-0942,Turbine installation,3,2.96971,8.48094,0.93531,0.00000,1,Generated demonstration data. Limits are illustrative and must not be used for real lifting operations.
DEMO-0943,Turbine installation,2,11.47982,12.47982,1.92494,0.00000,0,Generated demonstration data. Limits are illustrative and must not be used for real lifting operations.
DEMO-0944,Turbine installation,5,1.45402,21.24266,1.84369,0.50000,1,Generated demonstration data. Limits are illustrative and must not be used for real lifting operations.
DEMO-0945,Turbine installation,8,13.50417,19.33640,0.03119,0.00000,1,Generated demonstration data. Limits are illustrative and must not be used for real lifting operations.
DEMO-0946,Turbine installation,8,10.88551,22.04406,1.82309,0.00000,0,Generated demonstration data. Limits are illustrative and must not be used for real lifting operations.
DEMO-0947,Turbine installation,1,1.02931,16.73532,2.20455,1.00000,1,Generated demonstration data. Limits are illustrative and must not be used for real lifting operations.
DEMO-0948,Turbine installation,3,10.37771,16.93259,2.30619,0.50000,0,Generated demonstration data. Limits are illustrative and must not be used for real lifting operations.
DEMO-0949,Turbine installation,2,9.47443,13.64056,0.17693,1.00000,0,Generated demonstration data. Limits are illustrative and must not be used for real lifting operations.
DEMO-0950,Turbine installation,3,11.36024,21.29335,0.91098,0.50000,1,Generated demonstration data. Limits are illustrative and must not be used for real lifting operations.
DEMO-0951,Turbine installation,5,12.42297,14.19579,1.26382,0.50000,1,Generated demonstration data. Limits are illustrative and must not be used for real lifting operations.
DEMO-0952,Turbine installation,3,10.77526,11.77526,0.53932,1.00000,1,Generated demonstration data. Limits are illustrative and must not be used for real lifting operations.
DEMO-0953,Turbine installation,1,8.79264,16.52675,1.26220,0.00000,1,Generated demonstration data. Limits are illustrative and must not be used for real lifting operations.
DEMO-0954,Turbine installation,5,4.83695,14.83051,0.21339,0.50000,1,Generated demonstration data. Limits are illustrative and must not be used for real lifting operations.
DEMO-0955,Turbine installation,1,10.45910,11.45910,0.33965,1.00000,1,Generated demonstration data. Limits are illustrative and must not be used for real lifting operations.
DEMO-0956,Turbine installation,2,14.35457,15.35457,2.00608,0.00000,0,Generated demonstration data. Limits are illustrative and must not be used for real lifting operations.
DEMO-0957,Turbine installation,1,8.81283,10.63986,0.78772,1.00000,1,Generated demonstration data. Limits are illustrative and must not be used for real lifting operations.
DEMO-0958,Turbine installation,1,9.96517,20.24301,2.13422,0.00000,1,Generated demonstration data. Limits are illustrative and must not be used for real lifting operations.
DEMO-0959,Turbine installation,4,6.55692,11.81917,0.14433,0.50000,1,Generated demonstration data. Limits are illustrative and must not be used for real lifting operations.
DEMO-0960,Turbine installation,7,11.34181,19.78799,1.68811,1.00000,0,Generated demonstration data. Limits are illustrative and must not be used for real lifting operations.
DEMO-0961,Turbine installation,7,14.96501,15.96501,1.17435,0.00000,1,Generated demonstration data. Limits are illustrative and must not be used for real lifting operations.
DEMO-0962,Turbine installation,1,2.40584,18.56301,2.39091,1.00000,1,Generated demonstration data. Limits are illustrative and must not be used for real lifting operations.
DEMO-0963,Turbine installation,1,3.03608,7.43507,2.35185,0.00000,1,Generated demonstration data. Limits are illustrative and must not be used for real lifting operations.
DEMO-0964,Turbine installation,3,8.09157,21.64370,1.12668,0.00000,1,Generated demonstration data. Limits are illustrative and must not be used for real lifting operations.
DEMO-0965,Turbine installation,6,7.22063,13.65008,1.86814,0.50000,0,Generated demonstration data. Limits are illustrative and must not be used for real lifting operations.
DEMO-0966,Turbine installation,6,8.57355,9.67637,0.68265,0.50000,1,Generated demonstration data. Limits are illustrative and must not be used for real lifting operations.
DEMO-0967,Turbine installation,7,0.73611,9.34681,1.74122,1.00000,1,Generated demonstration data. Limits are illustrative and must not be used for real lifting operations.
DEMO-0968,Turbine installation,3,6.06415,9.77139,0.24379,1.00000,0,Generated demonstration data. Limits are illustrative and must not be used for real lifting operations.
DEMO-0969,Turbine installation,2,8.74467,11.60104,1.30381,1.00000,1,Generated demonstration data. Limits are illustrative and must not be used for real lifting operations.
DEMO-0970,Turbine installation,1,8.77787,17.91535,0.54818,0.50000,1,Generated demonstration data. Limits are illustrative and must not be used for real lifting operations.
DEMO-0971,Turbine installation,2,9.86001,22.09285,2.65014,0.00000,0,Generated demonstration data. Limits are illustrative and must not be used for real lifting operations.
DEMO-0972,Turbine installation,1,10.80324,17.04267,1.33470,1.00000,1,Generated demonstration data. Limits are illustrative and must not be used for real lifting operations.
DEMO-0973,Turbine installation,7,9.62321,14.84899,1.77232,0.50000,0,Generated demonstration data. Limits are illustrative and must not be used for real lifting operations.
DEMO-0974,Turbine installation,3,11.85365,13.07476,1.08115,0.00000,0,Generated demonstration data. Limits are illustrative and must not be used for real lifting operations.
DEMO-0975,Turbine installation,7,9.37141,19.90750,0.86622,1.00000,0,Generated demonstration data. Limits are illustrative and must not be used for real lifting operations.
DEMO-0976,Turbine installation,5,8.06261,20.29383,0.60876,0.50000,1,Generated demonstration data. Limits are illustrative and must not be used for real lifting operations.
DEMO-0977,Turbine installation,5,9.09295,10.27468,2.73561,0.50000,1,Generated demonstration data. Limits are illustrative and must not be used for real lifting operations.
DEMO-0978,Turbine installation,4,1.51790,22.16156,2.39840,0.50000,1,Generated demonstration data. Limits are illustrative and must not be used for real lifting operations.
DEMO-0979,Turbine installation,7,4.09735,12.11208,0.39978,1.00000,1,Generated demonstration data. Limits are illustrative and must not be used for real lifting operations.
DEMO-0980,Turbine installation,1,7.91100,19.40141,2.24017,0.00000,0,Generated demonstration data. Limits are illustrative and must not be used for real lifting operations.
DEMO-0981,Turbine installation,1,13.09481,22.40276,1.25559,0.50000,0,Generated demonstration data. Limits are illustrative and must not be used for real lifting operations.
DEMO-0982,Turbine installation,4,10.18577,17.66585,0.04619,0.00000,1,Generated demonstration data. Limits are illustrative and must not be used for real lifting operations.
DEMO-0983,Turbine installation,4,1.35612,7.90791,1.58510,0.50000,1,Generated demonstration data. Limits are illustrative and must not be used for real lifting operations.
DEMO-0984,Turbine installation,5,8.88412,15.55047,0.39014,0.00000,0,Generated demonstration data. Limits are illustrative and must not be used for real lifting operations.
DEMO-0985,Turbine installation,6,3.32607,7.13799,0.62980,0.50000,0,Generated demonstration data. Limits are illustrative and must not be used for real lifting operations.
DEMO-0986,Turbine installation,5,11.01025,19.20456,2.08812,1.00000,1,Generated demonstration data. Limits are illustrative and must not be used for real lifting operations.
DEMO-0987,Turbine installation,3,12.41161,13.41161,0.77143,0.50000,1,Generated demonstration data. Limits are illustrative and must not be used for real lifting operations.
DEMO-0988,Turbine installation,3,8.90184,17.51387,2.67566,1.00000,1,Generated demonstration data. Limits are illustrative and must not be used for real lifting operations.
DEMO-0989,Turbine installation,7,8.87044,21.38161,1.97151,1.00000,1,Generated demonstration data. Limits are illustrative and must not be used for real lifting operations.
DEMO-0990,Turbine installation,2,5.07887,8.25818,2.49685,0.00000,0,Generated demonstration data. Limits are illustrative and must not be used for real lifting operations.
DEMO-0991,Turbine installation,5,6.69375,12.07144,1.84557,0.50000,1,Generated demonstration data. Limits are illustrative and must not be used for real lifting operations.
DEMO-0992,Turbine installation,5,12.96163,16.64814,2.60655,0.50000,0,Generated demonstration data. Limits are illustrative and must not be used for real lifting operations.
DEMO-0993,Turbine installation,7,10.84980,12.55385,1.08505,0.50000,1,Generated demonstration data. Limits are illustrative and must not be used for real lifting operations.
DEMO-0994,Turbine installation,6,7.79630,8.79630,1.64742,1.00000,1,Generated demonstration data. Limits are illustrative and must not be used for real lifting operations.
DEMO-0995,Turbine installation,4,5.52349,6.52349,1.54767,0.50000,0,Generated demonstration data. Limits are illustrative and must not be used for real lifting operations.
DEMO-0996,Turbine installation,3,0.75570,12.31877,2.71137,0.00000,1,Generated demonstration data. Limits are illustrative and must not be used for real lifting operations.
DEMO-0997,Turbine installation,3,2.14511,16.68576,0.49475,0.50000,1,Generated demonstration data. Limits are illustrative and must not be used for real lifting operations.
DEMO-0998,Turbine installation,4,2.89538,15.33172,1.73418,0.00000,1,Generated demonstration data. Limits are illustrative and must not be used for real lifting operations.
DEMO-0999,Turbine installation,2,5.60075,7.81234,2.26329,0.50000,0,Generated demonstration data. Limits are illustrative and must not be used for real lifting operations.
DEMO-1000,Turbine installation,6,14.16215,15.16215,1.11015,0.50000,0,Generated demonstration data. Limits are illustrative and must not be used for real lifting operations.
DEMO-1001,Turbine installation,2,7.57730,11.65048,2.60274,1.00000,1,Generated demonstration data. Limits are illustrative and must not be used for real lifting operations.
DEMO-1002,Turbine installation,6,3.52260,9.93564,1.11904,0.00000,1,Generated demonstration data. Limits are illustrative and must not be used for real lifting operations.
DEMO-1003,Turbine installation,7,1.58625,18.12688,0.51993,0.50000,1,Generated demonstration data. Limits are illustrative and must not be used for real lifting operations.
DEMO-1004,Turbine installation,8,5.07458,10.57374,1.75215,0.00000,1,Generated demonstration data. Limits are illustrative and must not be used for real lifting operations.
DEMO-1005,Turbine installation,1,12.23596,14.72256,1.26170,0.50000,1,Generated demonstration data. Limits are illustrative and must not be used for real lifting operations.
DEMO-1006,Turbine installation,7,5.75014,21.61802,0.04557,0.50000,0,Generated demonstration data. Limits are illustrative and must not be used for real lifting operations.
DEMO-1007,Turbine installation,1,11.58759,14.70697,0.20952,0.50000,0,Generated demonstration data. Limits are illustrative and must not be used for real lifting operations.
DEMO-1008,Turbine installation,3,12.04057,16.10641,0.58583,0.00000,1,Generated demonstration data. Limits are illustrative and must not be used for real lifting operations.
DEMO-1009,Turbine installation,2,1.66231,6.31843,2.30799,0.00000,1,Generated demonstration data. Limits are illustrative and must not be used for real lifting operations.
DEMO-1010,Turbine installation,2,9.12990,10.12990,2.67612,0.50000,1,Generated demonstration data. Limits are illustrative and must not be used for real lifting operations.
DEMO-1011,Turbine installation,2,14.38644,15.38644,1.63692,0.50000,1,Generated demonstration data. Limits are illustrative and must not be used for real lifting operations.
DEMO-1012,Turbine installation,1,6.03207,18.76663,0.31670,0.00000,1,Generated demonstration data. Limits are illustrative and must not be used for real lifting operations.
DEMO-1013,Turbine installation,7,0.76416,20.04658,1.60326,0.50000,1,Generated demonstration data. Limits are illustrative and must not be used for real lifting operations.
DEMO-1014,Turbine installation,1,13.84954,14.84954,2.56682,0.00000,0,Generated demonstration data. Limits are illustrative and must not be used for real lifting operations.
DEMO-1015,Turbine installation,4,13.25499,14.25499,2.24843,0.50000,1,Generated demonstration data. Limits are illustrative and must not be used for real lifting operations.
DEMO-1016,Turbine installation,6,7.83212,10.81773,0.87329,0.50000,0,Generated demonstration data. Limits are illustrative and must not be used for real lifting operations.
DEMO-1017,Turbine installation,8,8.28380,15.63940,0.37167,1.00000,1,Generated demonstration data. Limits are illustrative and must not be used for real lifting operations.
DEMO-1018,Turbine installation,7,3.17612,16.19233,2.70205,1.00000,1,Generated demonstration data. Limits are illustrative and must not be used for real lifting operations.
DEMO-1019,Turbine installation,2,12.29176,17.36157,2.56227,1.00000,1,Generated demonstration data. Limits are illustrative and must not be used for real lifting operations.
DEMO-1020,Turbine installation,8,7.47900,21.29347,0.16115,0.00000,0,Generated demonstration data. Limits are illustrative and must not be used for real lifting operations.
DEMO-1021,Turbine installation,6,0.50817,10.31072,2.47102,1.00000,1,Generated demonstration data. Limits are illustrative and must not be used for real lifting operations.
DEMO-1022,Turbine installation,2,10.24522,16.85766,0.29164,0.50000,1,Generated demonstration data. Limits are illustrative and must not be used for real lifting operations.
DEMO-1023,Turbine installation,4,14.25744,15.25744,0.18985,0.50000,0,Generated demonstration data. Limits are illustrative and must not be used for real lifting operations.
DEMO-1024,Turbine installation,8,12.43726,13.43726,2.27580,1.00000,0,Generated demonstration data. Limits are illustrative and must not be used for real lifting operations.
DEMO-1025,Turbine installation,4,4.15797,21.33347,1.60893,0.00000,0,Generated demonstration data. Limits are illustrative and must not be used for real lifting operations.
DEMO-1026,Turbine installation,2,0.79988,6.71870,1.24364,0.00000,1,Generated demonstration data. Limits are illustrative and must not be used for real lifting operations.
DEMO-1027,Turbine installation,8,14.10527,17.81602,2.71159,1.00000,0,Generated demonstration data. Limits are illustrative and must not be used for real lifting operations.
DEMO-1028,Turbine installation,8,14.05594,18.10173,2.51791,0.50000,0,Generated demonstration data. Limits are illustrative and must not be used for real lifting operations.
DEMO-1029,Turbine installation,8,7.98623,21.47588,0.17287,0.50000,0,Generated demonstration data. Limits are illustrative and must not be used for real lifting operations.
DEMO-1030,Turbine installation,8,9.63476,14.33445,1.84826,0.00000,0,Generated demonstration data. Limits are illustrative and must not be used for real lifting operations.
DEMO-1031,Turbine installation,7,6.93900,10.78920,2.31680,0.50000,1,Generated demonstration data. Limits are illustrative and must not be used for real lifting operations.
DEMO-1032,Turbine installation,4,6.29648,19.89933,1.65147,0.00000,1,Generated demonstration data. Limits are illustrative and must not be used for real lifting operations.
DEMO-1033,Turbine installation,2,1.79173,18.87459,2.94902,0.50000,0,Generated demonstration data. Limits are illustrative and must not be used for real lifting operations.
DEMO-1034,Turbine installation,5,1.45129,14.00568,2.05814,0.50000,1,Generated demonstration data. Limits are illustrative and must not be used for real lifting operations.
DEMO-1035,Turbine installation,2,3.49098,18.82143,0.31243,1.00000,1,Generated demonstration data. Limits are illustrative and must not be used for real lifting operations.
DEMO-1036,Turbine installation,4,12.54961,13.54961,0.59489,1.00000,0,Generated demonstration data. Limits are illustrative and must not be used for real lifting operations.
DEMO-1037,Turbine installation,6,2.18748,15.61111,2.47874,0.00000,1,Generated demonstration data. Limits are illustrative and must not be used for real lifting operations.
DEMO-1038,Turbine installation,8,3.40048,20.57330,2.99027,0.00000,1,Generated demonstration data. Limits are illustrative and must not be used for real lifting operations.
DEMO-1039,Turbine installation,3,8.22921,10.72372,0.29502,0.50000,1,Generated demonstration data. Limits are illustrative and must not be used for real lifting operations.
DEMO-1040,Turbine installation,3,3.22697,13.70390,0.30099,1.00000,1,Generated demonstration data. Limits are illustrative and must not be used for real lifting operations.
DEMO-1041,Turbine installation,6,2.44810,22.11881,2.29016,0.00000,1,Generated demonstration data. Limits are illustrative and must not be used for real lifting operations.
DEMO-1042,Turbine installation,1,8.44974,19.36781,0.19306,0.50000,1,Generated demonstration data. Limits are illustrative and must not be used for real lifting operations.
DEMO-1043,Turbine installation,5,5.52140,20.96670,0.20568,0.50000,1,Generated demonstration data. Limits are illustrative and must not be used for real lifting operations.
DEMO-1044,Turbine installation,6,9.39239,11.93445,2.66645,0.00000,1,Generated demonstration data. Limits are illustrative and must not be used for real lifting operations.
DEMO-1045,Turbine installation,5,13.68308,22.93709,2.40135,0.50000,0,Generated demonstration data. Limits are illustrative and must not be used for real lifting operations.
DEMO-1046,Turbine installation,4,2.26490,7.74618,2.64469,0.00000,1,Generated demonstration data. Limits are illustrative and must not be used for real lifting operations.
DEMO-1047,Turbine installation,7,13.70150,14.70150,1.95154,0.50000,0,Generated demonstration data. Limits are illustrative and must not be used for real lifting operations.
DEMO-1048,Turbine installation,3,13.53735,14.53735,0.96761,1.00000,1,Generated demonstration data. Limits are illustrative and must not be used for real lifting operations.
DEMO-1049,Turbine installation,6,12.43631,19.37178,2.71894,0.50000,0,Generated demonstration data. Limits are illustrative and must not be used for real lifting operations.
DEMO-1050,Turbine installation,4,9.46929,21.35512,0.89617,0.00000,1,Generated demonstration data. Limits are illustrative and must not be used for real lifting operations.
DEMO-1051,Turbine installation,1,9.30220,18.16051,0.82653,1.00000,1,Generated demonstration data. Limits are illustrative and must not be used for real lifting operations.
DEMO-1052,Turbine installation,5,9.58819,16.28269,2.65920,0.00000,0,Generated demonstration data. Limits are illustrative and must not be used for real lifting operations.
DEMO-1053,Turbine installation,1,10.35743,12.69373,2.04247,1.00000,0,Generated demonstration data. Limits are illustrative and must not be used for real lifting operations.
DEMO-1054,Turbine installation,8,0.24723,14.18587,2.68702,1.00000,0,Generated demonstration data. Limits are illustrative and must not be used for real lifting operations.
DEMO-1055,Turbine installation,5,14.37139,15.37139,0.46770,0.50000,1,Generated demonstration data. Limits are illustrative and must not be used for real lifting operations.
DEMO-1056,Turbine installation,3,8.78406,9.78406,2.85689,0.00000,1,Generated demonstration data. Limits are illustrative and must not be used for real lifting operations.
DEMO-1057,Turbine installation,4,11.72199,14.05482,1.83823,1.00000,1,Generated demonstration data. Limits are illustrative and must not be used for real lifting operations.
DEMO-1058,Turbine installation,5,5.65923,20.40747,2.00411,1.00000,1,Generated demonstration data. Limits are illustrative and must not be used for real lifting operations.
DEMO-1059,Turbine installation,3,0.18596,17.76693,2.74218,0.50000,1,Generated demonstration data. Limits are illustrative and must not be used for real lifting operations.
DEMO-1060,Turbine installation,3,7.64602,19.32276,1.14226,1.00000,1,Generated demonstration data. Limits are illustrative and must not be used for real lifting operations.
DEMO-1061,Turbine installation,4,7.60785,12.02873,2.15872,1.00000,1,Generated demonstration data. Limits are illustrative and must not be used for real lifting operations.
DEMO-1062,Turbine installation,3,6.55484,14.52152,1.92102,1.00000,1,Generated demonstration data. Limits are illustrative and must not be used for real lifting operations.
DEMO-1063,Turbine installation,7,5.09576,6.09576,2.36326,0.00000,1,Generated demonstration data. Limits are illustrative and must not be used for real lifting operations.
DEMO-1064,Turbine installation,1,3.74739,11.89396,2.69083,0.50000,1,Generated demonstration data. Limits are illustrative and must not be used for real lifting operations.
DEMO-1065,Turbine installation,7,7.91317,13.53949,2.04018,0.00000,0,Generated demonstration data. Limits are illustrative and must not be used for real lifting operations.
DEMO-1066,Turbine installation,3,5.62917,9.59376,0.20292,0.00000,1,Generated demonstration data. Limits are illustrative and must not be used for real lifting operations.
DEMO-1067,Turbine installation,5,14.54898,15.54898,0.54942,0.50000,1,Generated demonstration data. Limits are illustrative and must not be used for real lifting operations.
DEMO-1068,Turbine installation,2,2.59391,17.42735,2.86193,0.00000,1,Generated demonstration data. Limits are illustrative and must not be used for real lifting operations.
DEMO-1069,Turbine installation,4,4.79498,12.83158,2.90595,0.00000,0,Generated demonstration data. Limits are illustrative and must not be used for real lifting operations.
DEMO-1070,Turbine installation,7,4.40941,12.48221,2.90224,1.00000,1,Generated demonstration data. Limits are illustrative and must not be used for real lifting operations.
DEMO-1071,Turbine installation,3,8.14964,9.49976,0.11040,0.50000,1,Generated demonstration data. Limits are illustrative and must not be used for real lifting operations.
DEMO-1072,Turbine installation,2,7.48920,14.68095,1.14734,0.50000,1,Generated demonstration data. Limits are illustrative and must not be used for real lifting operations.
DEMO-1073,Turbine installation,5,9.65611,12.88448,2.27902,0.00000,0,Generated demonstration data. Limits are illustrative and must not be used for real lifting operations.
DEMO-1074,Turbine installation,2,14.25003,15.25003,2.25866,1.00000,0,Generated demonstration data. Limits are illustrative and must not be used for real lifting operations.
DEMO-1075,Turbine installation,3,4.27832,15.45568,0.25773,0.50000,1,Generated demonstration data. Limits are illustrative and must not be used for real lifting operations.
DEMO-1076,Turbine installation,4,10.39157,11.39157,1.82847,0.50000,0,Generated demonstration data. Limits are illustrative and must not be used for real lifting operations.
DEMO-1077,Turbine installation,5,0.37560,21.33853,0.42861,0.00000,0,Generated demonstration data. Limits are illustrative and must not be used for real lifting operations.
DEMO-1078,Turbine installation,6,3.93583,6.27957,1.47963,0.00000,1,Generated demonstration data. Limits are illustrative and must not be used for real lifting operations.
DEMO-1079,Turbine installation,6,6.95580,13.11665,0.71906,0.00000,1,Generated demonstration data. Limits are illustrative and must not be used for real lifting operations.
DEMO-1080,Turbine installation,7,0.46492,8.73271,0.15948,0.00000,1,Generated demonstration data. Limits are illustrative and must not be used for real lifting operations.
DEMO-1081,Turbine installation,1,9.26504,14.42808,0.24006,1.00000,1,Generated demonstration data. Limits are illustrative and must not be used for real lifting operations.
DEMO-1082,Turbine installation,3,10.17466,11.17466,2.73268,0.50000,1,Generated demonstration data. Limits are illustrative and must not be used for real lifting operations.
DEMO-1083,Turbine installation,1,11.20098,20.48012,2.23394,0.50000,1,Generated demonstration data. Limits are illustrative and must not be used for real lifting operations.
DEMO-1084,Turbine installation,1,7.74862,12.13448,2.79547,1.00000,1,Generated demonstration data. Limits are illustrative and must not be used for real lifting operations.
DEMO-1085,Turbine installation,2,9.05917,16.49760,1.40997,1.00000,1,Generated demonstration data. Limits are illustrative and must not be used for real lifting operations.
DEMO-1086,Turbine installation,5,5.94098,9.47984,1.23988,0.00000,1,Generated demonstration data. Limits are illustrative and must not be used for real lifting operations.
DEMO-1087,Turbine installation,8,0.61880,5.34931,1.07522,0.50000,1,Generated demonstration data. Limits are illustrative and must not be used for real lifting operations.
DEMO-1088,Turbine installation,7,1.49928,12.27478,1.84892,0.50000,0,Generated demonstration data. Limits are illustrative and must not be used for real lifting operations.
DEMO-1089,Turbine installation,6,9.82494,14.65676,1.05468,0.00000,1,Generated demonstration data. Limits are illustrative and must not be used for real lifting operations.
DEMO-1090,Turbine installation,7,14.93333,15.93333,2.23882,1.00000,0,Generated demonstration data. Limits are illustrative and must not be used for real lifting operations.
DEMO-1091,Turbine installation,2,0.23705,22.31626,2.40395,0.50000,0,Generated demonstration data. Limits are illustrative and must not be used for real lifting operations.
DEMO-1092,Turbine installation,7,8.36375,17.72311,2.62753,0.50000,0,Generated demonstration data. Limits are illustrative and must not be used for real lifting operations.
DEMO-1093,Turbine installation,8,11.26513,22.92206,0.72840,0.50000,0,Generated demonstration data. Limits are illustrative and must not be used for real lifting operations.
DEMO-1094,Turbine installation,1,12.40162,13.40162,1.58107,1.00000,1,Generated demonstration data. Limits are illustrative and must not be used for real lifting operations.
DEMO-1095,Turbine installation,4,8.17807,19.20296,0.67033,0.00000,1,Generated demonstration data. Limits are illustrative and must not be used for real lifting operations.
DEMO-1096,Turbine installation,7,9.29874,15.00005,0.11267,0.50000,0,Generated demonstration data. Limits are illustrative and must not be used for real lifting operations.
DEMO-1097,Turbine installation,4,10.45087,16.01169,2.12348,1.00000,1,Generated demonstration data. Limits are illustrative and must not be used for real lifting operations.
DEMO-1098,Turbine installation,7,12.88449,22.74536,1.64694,1.00000,0,Generated demonstration data. Limits are illustrative and must not be used for real lifting operations.
DEMO-1099,Turbine installation,8,1.83434,16.77177,2.17178,0.50000,1,Generated demonstration data. Limits are illustrative and must not be used for real lifting operations.
DEMO-1100,Turbine installation,4,13.89273,21.17870,0.26287,0.00000,1,Generated demonstration data. Limits are illustrative and must not be used for real lifting operations.
DEMO-1101,Turbine installation,1,0.39026,18.06350,2.98658,1.00000,1,Generated demonstration data. Limits are illustrative and must not be used for real lifting operations.
DEMO-1102,Turbine installation,3,12.54300,13.54300,2.98305,1.00000,0,Generated demonstration data. Limits are illustrative and must not be used for real lifting operations.
DEMO-1103,Turbine installation,2,1.15111,17.58963,1.39500,0.50000,1,Generated demonstration data. Limits are illustrative and must not be used for real lifting operations.
DEMO-1104,Turbine installation,4,2.91942,13.71768,2.59818,0.50000,1,Generated demonstration data. Limits are illustrative and must not be used for real lifting operations.
DEMO-1105,Turbine installation,5,0.05841,21.53836,0.73071,0.50000,1,Generated demonstration data. Limits are illustrative and must not be used for real lifting operations.
DEMO-1106,Turbine installation,4,6.67885,19.52302,2.21270,0.00000,0,Generated demonstration data. Limits are illustrative and must not be used for real lifting operations.
DEMO-1107,Turbine installation,2,5.01539,6.87442,2.63768,0.00000,1,Generated demonstration data. Limits are illustrative and must not be used for real lifting operations.
DEMO-1108,Turbine installation,3,2.48989,7.41048,2.44400,1.00000,1,Generated demonstration data. Limits are illustrative and must not be used for real lifting operations.
DEMO-1109,Turbine installation,6,6.76635,7.76635,2.43532,1.00000,1,Generated demonstration data. Limits are illustrative and must not be used for real lifting operations.
DEMO-1110,Turbine installation,1,6.03556,13.87841,1.38908,0.00000,1,Generated demonstration data. Limits are illustrative and must not be used for real lifting operations.
DEMO-1111,Turbine installation,2,11.51492,12.51492,2.45997,0.50000,0,Generated demonstration data. Limits are illustrative and must not be used for real lifting operations.
DEMO-1112,Turbine installation,8,13.39695,18.02621,2.07211,1.00000,0,Generated demonstration data. Limits are illustrative and must not be used for real lifting operations.
DEMO-1113,Turbine installation,1,9.78851,14.94245,0.39735,0.00000,1,Generated demonstration data. Limits are illustrative and must not be used for real lifting operations.
DEMO-1114,Turbine installation,4,1.86616,20.04593,0.34255,0.00000,0,Generated demonstration data. Limits are illustrative and must not be used for real lifting operations.
DEMO-1115,Turbine installation,2,4.43086,10.03632,2.31577,0.00000,0,Generated demonstration data. Limits are illustrative and must not be used for real lifting operations.
DEMO-1116,Turbine installation,1,13.69977,14.69977,1.87639,0.00000,1,Generated demonstration data. Limits are illustrative and must not be used for real lifting operations.
DEMO-1117,Turbine installation,4,1.33102,7.11463,1.55813,0.50000,1,Generated demonstration data. Limits are illustrative and must not be used for real lifting operations.
DEMO-1118,Turbine installation,5,6.10284,20.92298,2.72179,0.50000,1,Generated demonstration data. Limits are illustrative and must not be used for real lifting operations.
DEMO-1119,Turbine installation,2,14.13757,15.13757,1.97877,1.00000,1,Generated demonstration data. Limits are illustrative and must not be used for real lifting operations.
DEMO-1120,Turbine installation,1,14.25997,15.25997,1.18844,1.00000,1,Generated demonstration data. Limits are illustrative and must not be used for real lifting operations.
DEMO-1121,Turbine installation,2,6.16805,8.69091,1.24180,1.00000,1,Generated demonstration data. Limits are illustrative and must not be used for real lifting operations.
DEMO-1122,Turbine installation,6,10.01095,19.51217,1.81573,1.00000,0,Generated demonstration data. Limits are illustrative and must not be used for real lifting operations.
DEMO-1123,Turbine installation,7,6.85118,7.85118,2.28083,1.00000,1,Generated demonstration data. Limits are illustrative and must not be used for real lifting operations.
DEMO-1124,Turbine installation,2,11.30191,16.05969,1.69306,0.50000,1,Generated demonstration data. Limits are illustrative and must not be used for real lifting operations.
DEMO-1125,Turbine installation,3,0.47372,18.43126,1.52628,1.00000,1,Generated demonstration data. Limits are illustrative and must not be used for real lifting operations.
DEMO-1126,Turbine installation,3,2.16236,18.51946,2.18070,0.00000,1,Generated demonstration data. Limits are illustrative and must not be used for real lifting operations.
DEMO-1127,Turbine installation,3,9.21298,10.21298,2.11579,1.00000,1,Generated demonstration data. Limits are illustrative and must not be used for real lifting operations.
DEMO-1128,Turbine installation,2,3.48828,6.10923,2.49104,0.00000,1,Generated demonstration data. Limits are illustrative and must not be used for real lifting operations.
DEMO-1129,Turbine installation,1,9.99078,13.07851,0.18766,0.50000,1,Generated demonstration data. Limits are illustrative and must not be used for real lifting operations.
DEMO-1130,Turbine installation,5,5.26834,8.64474,2.26486,0.00000,0,Generated demonstration data. Limits are illustrative and must not be used for real lifting operations.
DEMO-1131,Turbine installation,3,13.29968,17.58687,1.54128,0.50000,1,Generated demonstration data. Limits are illustrative and must not be used for real lifting operations.
DEMO-1132,Turbine installation,3,12.28889,13.28889,0.22408,1.00000,0,Generated demonstration data. Limits are illustrative and must not be used for real lifting operations.
DEMO-1133,Turbine installation,3,7.39257,13.08837,2.03703,0.00000,1,Generated demonstration data. Limits are illustrative and must not be used for real lifting operations.
DEMO-1134,Turbine installation,8,11.59343,12.59343,2.14962,0.50000,0,Generated demonstration data. Limits are illustrative and must not be used for real lifting operations.
DEMO-1135,Turbine installation,5,4.06707,15.21591,1.57088,0.00000,1,Generated demonstration data. Limits are illustrative and must not be used for real lifting operations.
DEMO-1136,Turbine installation,4,7.41390,8.41390,2.38140,0.00000,1,Generated demonstration data. Limits are illustrative and must not be used for real lifting operations.
DEMO-1137,Turbine installation,2,2.96223,17.22174,0.90074,0.50000,1,Generated demonstration data. Limits are illustrative and must not be used for real lifting operations.
DEMO-1138,Turbine installation,7,12.91329,13.91329,0.60572,0.50000,1,Generated demonstration data. Limits are illustrative and must not be used for real lifting operations.
DEMO-1139,Turbine installation,8,12.34601,22.56610,1.05220,0.00000,0,Generated demonstration data. Limits are illustrative and must not be used for real lifting operations.
DEMO-1140,Turbine installation,1,13.53225,17.32149,1.23015,0.50000,0,Generated demonstration data. Limits are illustrative and must not be used for real lifting operations.
DEMO-1141,Turbine installation,8,13.16215,14.16215,2.08780,1.00000,1,Generated demonstration data. Limits are illustrative and must not be used for real lifting operations.
DEMO-1142,Turbine installation,6,14.39394,15.39394,2.53656,0.50000,0,Generated demonstration data. Limits are illustrative and must not be used for real lifting operations.
DEMO-1143,Turbine installation,1,3.42504,11.02033,2.16275,1.00000,1,Generated demonstration data. Limits are illustrative and must not be used for real lifting operations.
DEMO-1144,Turbine installation,7,13.97736,14.97736,0.52196,1.00000,0,Generated demonstration data. Limits are illustrative and must not be used for real lifting operations.
DEMO-1145,Turbine installation,1,8.56820,9.56820,1.09865,0.50000,1,Generated demonstration data. Limits are illustrative and must not be used for real lifting operations.
DEMO-1146,Turbine installation,1,6.33743,20.70950,0.47524,0.50000,1,Generated demonstration data. Limits are illustrative and must not be used for real lifting operations.
DEMO-1147,Turbine installation,1,8.40561,15.85768,2.06017,1.00000,1,Generated demonstration data. Limits are illustrative and must not be used for real lifting operations.
DEMO-1148,Turbine installation,4,5.13904,8.17624,0.74452,0.50000,1,Generated demonstration data. Limits are illustrative and must not be used for real lifting operations.
DEMO-1149,Turbine installation,5,4.32830,15.01987,1.57616,0.50000,0,Generated demonstration data. Limits are illustrative and must not be used for real lifting operations.
DEMO-1150,Turbine installation,4,3.61972,9.60405,2.37549,0.00000,1,Generated demonstration data. Limits are illustrative and must not be used for real lifting operations.
DEMO-1151,Turbine installation,1,1.23642,22.57162,2.01282,0.00000,1,Generated demonstration data. Limits are illustrative and must not be used for real lifting operations.
DEMO-1152,Turbine installation,2,7.44847,8.44847,0.89512,0.00000,1,Generated demonstration data. Limits are illustrative and must not be used for real lifting operations.
DEMO-1153,Turbine installation,7,13.31643,18.18173,0.99860,0.50000,0,Generated demonstration data. Limits are illustrative and must not be used for real lifting operations.
DEMO-1154,Turbine installation,8,9.45228,18.91395,1.96009,1.00000,0,Generated demonstration data. Limits are illustrative and must not be used for real lifting operations.
DEMO-1155,Turbine installation,7,7.81463,8.81463,1.64840,0.00000,0,Generated demonstration data. Limits are illustrative and must not be used for real lifting operations.
DEMO-1156,Turbine installation,1,6.42889,8.09365,0.28918,0.00000,1,Generated demonstration data. Limits are illustrative and must not be used for real lifting operations.
DEMO-1157,Turbine installation,7,6.96602,11.91752,2.62197,0.00000,0,Generated demonstration data. Limits are illustrative and must not be used for real lifting operations.
DEMO-1158,Turbine installation,6,3.13916,20.62679,1.53784,0.50000,1,Generated demonstration data. Limits are illustrative and must not be used for real lifting operations.
DEMO-1159,Turbine installation,5,12.34404,14.66600,1.42008,0.00000,0,Generated demonstration data. Limits are illustrative and must not be used for real lifting operations.
DEMO-1160,Turbine installation,2,2.97574,16.79552,0.59532,0.00000,1,Generated demonstration data. Limits are illustrative and must not be used for real lifting operations.
DEMO-1161,Turbine installation,8,10.74934,19.09423,1.13098,0.00000,1,Generated demonstration data. Limits are illustrative and must not be used for real lifting operations.
DEMO-1162,Turbine installation,4,11.39978,19.90621,0.99847,0.00000,0,Generated demonstration data. Limits are illustrative and must not be used for real lifting operations.
DEMO-1163,Turbine installation,1,8.62304,13.57312,0.81221,0.00000,0,Generated demonstration data. Limits are illustrative and must not be used for real lifting operations.
DEMO-1164,Turbine installation,2,12.94390,14.15828,1.70222,1.00000,1,Generated demonstration data. Limits are illustrative and must not be used for real lifting operations.
DEMO-1165,Turbine installation,4,4.36576,17.92411,1.38683,1.00000,0,Generated demonstration data. Limits are illustrative and must not be used for real lifting operations.
DEMO-1166,Turbine installation,1,13.22426,14.22426,2.66759,0.50000,1,Generated demonstration data. Limits are illustrative and must not be used for real lifting operations.
DEMO-1167,Turbine installation,3,10.94116,20.38082,2.82403,0.00000,1,Generated demonstration data. Limits are illustrative and must not be used for real lifting operations.
DEMO-1168,Turbine installation,4,11.98125,12.98125,0.65842,0.00000,1,Generated demonstration data. Limits are illustrative and must not be used for real lifting operations.
DEMO-1169,Turbine installation,8,9.96870,10.96870,0.30032,0.00000,1,Generated demonstration data. Limits are illustrative and must not be used for real lifting operations.
DEMO-1170,Turbine installation,1,12.69515,19.40360,2.35601,0.50000,1,Generated demonstration data. Limits are illustrative and must not be used for real lifting operations.
DEMO-1171,Turbine installation,5,14.89648,15.89648,2.98458,0.50000,0,Generated demonstration data. Limits are illustrative and must not be used for real lifting operations.
DEMO-1172,Turbine installation,8,6.30244,7.69699,2.59080,0.00000,1,Generated demonstration data. Limits are illustrative and must not be used for real lifting operations.
DEMO-1173,Turbine installation,7,12.20874,13.20874,0.07109,0.50000,0,Generated demonstration data. Limits are illustrative and must not be used for real lifting operations.
DEMO-1174,Turbine installation,8,11.16870,14.55362,0.75379,0.00000,0,Generated demonstration data. Limits are illustrative and must not be used for real lifting operations.
DEMO-1175,Turbine installation,2,6.79305,20.23127,0.13003,0.50000,1,Generated demonstration data. Limits are illustrative and must not be used for real lifting operations.
DEMO-1176,Turbine installation,7,13.90423,14.90423,2.46234,1.00000,1,Generated demonstration data. Limits are illustrative and must not be used for real lifting operations.
DEMO-1177,Turbine installation,8,5.91639,6.91639,1.74422,0.00000,0,Generated demonstration data. Limits are illustrative and must not be used for real lifting operations.
DEMO-1178,Turbine installation,3,8.48199,13.37303,1.54116,0.50000,1,Generated demonstration data. Limits are illustrative and must not be used for real lifting operations.
DEMO-1179,Turbine installation,4,1.58914,22.21137,1.66335,0.50000,0,Generated demonstration data. Limits are illustrative and must not be used for real lifting operations.
DEMO-1180,Turbine installation,5,3.38663,10.02218,0.75735,1.00000,1,Generated demonstration data. Limits are illustrative and must not be used for real lifting operations.
DEMO-1181,Turbine installation,4,12.61044,22.26507,1.80492,0.50000,1,Generated demonstration data. Limits are illustrative and must not be used for real lifting operations.
DEMO-1182,Turbine installation,3,5.94829,20.97826,0.09200,0.50000,1,Generated demonstration data. Limits are illustrative and must not be used for real lifting operations.
DEMO-1183,Turbine installation,8,5.91126,10.09643,1.93804,1.00000,0,Generated demonstration data. Limits are illustrative and must not be used for real lifting operations.
DEMO-1184,Turbine installation,8,3.68972,19.70507,2.20330,0.50000,0,Generated demonstration data. Limits are illustrative and must not be used for real lifting operations.
DEMO-1185,Turbine installation,4,7.37416,17.34561,2.01908,0.50000,0,Generated demonstration data. Limits are illustrative and must not be used for real lifting operations.
DEMO-1186,Turbine installation,7,12.08725,14.21280,0.99635,0.00000,0,Generated demonstration data. Limits are illustrative and must not be used for real lifting operations.
DEMO-1187,Turbine installation,4,13.42746,14.42746,2.47879,0.50000,0,Generated demonstration data. Limits are illustrative and must not be used for real lifting operations.
DEMO-1188,Turbine installation,7,1.05172,19.67905,2.14663,0.00000,1,Generated demonstration data. Limits are illustrative and must not be used for real lifting operations.
DEMO-1189,Turbine installation,5,8.62231,19.27543,0.38489,0.50000,0,Generated demonstration data. Limits are illustrative and must not be used for real lifting operations.
DEMO-1190,Turbine installation,4,7.00910,18.62485,0.58543,0.00000,1,Generated demonstration data. Limits are illustrative and must not be used for real lifting operations.
DEMO-1191,Turbine installation,2,9.21423,22.96861,1.91133,0.00000,0,Generated demonstration data. Limits are illustrative and must not be used for real lifting operations.
DEMO-1192,Turbine installation,6,6.70914,13.61322,0.86825,0.50000,1,Generated demonstration data. Limits are illustrative and must not be used for real lifting operations.
DEMO-1193,Turbine installation,3,5.97967,19.52461,0.35830,0.50000,0,Generated demonstration data. Limits are illustrative and must not be used for real lifting operations.
DEMO-1194,Turbine installation,2,7.07821,20.52461,0.46491,1.00000,1,Generated demonstration data. Limits are illustrative and must not be used for real lifting operations.
DEMO-1195,Turbine installation,2,8.72999,9.72999,0.49685,0.00000,1,Generated demonstration data. Limits are illustrative and must not be used for real lifting operations.
DEMO-1196,Turbine installation,8,7.51475,8.51475,1.43337,1.00000,1,Generated demonstration data. Limits are illustrative and must not be used for real lifting operations.
DEMO-1197,Turbine installation,1,7.08217,12.28547,1.82216,0.00000,1,Generated demonstration data. Limits are illustrative and must not be used for real lifting operations.
DEMO-1198,Turbine installation,7,12.26753,20.42126,0.52921,1.00000,0,Generated demonstration data. Limits are illustrative and must not be used for real lifting operations.
DEMO-1199,Turbine installation,7,11.18472,12.18472,2.13749,1.00000,0,Generated demonstration data. Limits are illustrative and must not be used for real lifting operations.
DEMO-1200,Turbine installation,1,5.12068,17.60018,0.84304,1.00000,1,Generated demonstration data. Limits are illustrative and must not be used for real lifting operations.
DEMO-1201,Turbine installation,5,12.00866,13.00866,0.93467,0.00000,1,Generated demonstration data. Limits are illustrative and must not be used for real lifting operations.
DEMO-1202,Turbine installation,5,12.80476,13.80476,0.67050,1.00000,1,Generated demonstration data. Limits are illustrative and must not be used for real lifting operations.
DEMO-1203,Turbine installation,3,2.30238,16.07930,2.35562,0.00000,1,Generated demonstration data. Limits are illustrative and must not be used for real lifting operations.
DEMO-1204,Turbine installation,6,8.74024,9.74024,2.87944,1.00000,1,Generated demonstration data. Limits are illustrative and must not be used for real lifting operations.
DEMO-1205,Turbine installation,4,4.27968,21.13892,1.47750,0.50000,1,Generated demonstration data. Limits are illustrative and must not be used for real lifting operations.
DEMO-1206,Turbine installation,4,11.08758,12.08758,0.12609,0.50000,1,Generated demonstration data. Limits are illustrative and must not be used for real lifting operations.
DEMO-1207,Turbine installation,4,3.58178,21.37628,0.78171,0.50000,1,Generated demonstration data. Limits are illustrative and must not be used for real lifting operations.
DEMO-1208,Turbine installation,7,10.07105,11.07105,0.47415,0.00000,0,Generated demonstration data. Limits are illustrative and must not be used for real lifting operations.
DEMO-1209,Turbine installation,6,3.82687,22.89702,2.52829,1.00000,1,Generated demonstration data. Limits are illustrative and must not be used for real lifting operations.
DEMO-1210,Turbine installation,4,7.66716,15.88548,0.25456,1.00000,1,Generated demonstration data. Limits are illustrative and must not be used for real lifting operations.
DEMO-1211,Turbine installation,8,14.22970,15.22970,2.89943,1.00000,0,Generated demonstration data. Limits are illustrative and must not be used for real lifting operations.
DEMO-1212,Turbine installation,7,5.71961,6.71961,1.76554,1.00000,0,Generated demonstration data. Limits are illustrative and must not be used for real lifting operations.
DEMO-1213,Turbine installation,8,13.13608,14.13608,1.55322,1.00000,1,Generated demonstration data. Limits are illustrative and must not be used for real lifting operations.
DEMO-1214,Turbine installation,6,14.80417,15.80417,2.54205,1.00000,1,Generated demonstration data. Limits are illustrative and must not be used for real lifting operations.
DEMO-1215,Turbine installation,4,13.12276,19.57243,0.08264,0.50000,0,Generated demonstration data. Limits are illustrative and must not be used for real lifting operations.
DEMO-1216,Turbine installation,7,2.48799,12.25333,2.33146,1.00000,1,Generated demonstration data. Limits are illustrative and must not be used for real lifting operations.
DEMO-1217,Turbine installation,3,12.29487,13.29487,0.34981,0.00000,1,Generated demonstration data. Limits are illustrative and must not be used for real lifting operations.
DEMO-1218,Turbine installation,3,0.48224,15.60718,2.52233,1.00000,1,Generated demonstration data. Limits are illustrative and must not be used for real lifting operations.
DEMO-1219,Turbine installation,4,5.89953,14.59473,1.58753,0.50000,1,Generated demonstration data. Limits are illustrative and must not be used for real lifting operations.
DEMO-1220,Turbine installation,8,13.06100,17.38511,0.18339,0.50000,1,Generated demonstration data. Limits are illustrative and must not be used for real lifting operations.
DEMO-1221,Turbine installation,5,10.33128,13.49214,2.49974,0.50000,0,Generated demonstration data. Limits are illustrative and must not be used for real lifting operations.
DEMO-1222,Turbine installation,4,7.99111,17.84949,0.08194,0.00000,1,Generated demonstration data. Limits are illustrative and must not be used for real lifting operations.
DEMO-1223,Turbine installation,4,5.81796,22.95159,0.41511,0.50000,1,Generated demonstration data. Limits are illustrative and must not be used for real lifting operations.
DEMO-1224,Turbine installation,3,12.18445,13.18445,2.39347,0.50000,1,Generated demonstration data. Limits are illustrative and must not be used for real lifting operations.
DEMO-1225,Turbine installation,6,10.64338,11.64338,1.39461,0.00000,0,Generated demonstration data. Limits are illustrative and must not be used for real lifting operations.
DEMO-1226,Turbine installation,3,7.02608,8.02608,2.64417,1.00000,1,Generated demonstration data. Limits are illustrative and must not be used for real lifting operations.
DEMO-1227,Turbine installation,5,13.38727,14.96326,1.90629,0.00000,0,Generated demonstration data. Limits are illustrative and must not be used for real lifting operations.
DEMO-1228,Turbine installation,3,3.44922,11.19664,1.87059,1.00000,1,Generated demonstration data. Limits are illustrative and must not be used for real lifting operations.
DEMO-1229,Turbine installation,3,2.55587,21.91969,0.87671,0.00000,1,Generated demonstration data. Limits are illustrative and must not be used for real lifting operations.
DEMO-1230,Turbine installation,8,9.64206,16.29403,0.40104,0.00000,0,Generated demonstration data. Limits are illustrative and must not be used for real lifting operations.
DEMO-1231,Turbine installation,3,14.57992,15.57992,2.88352,0.00000,0,Generated demonstration data. Limits are illustrative and must not be used for real lifting operations.
DEMO-1232,Turbine installation,1,3.70885,19.36471,0.31439,0.00000,1,Generated demonstration data. Limits are illustrative and must not be used for real lifting operations.
DEMO-1233,Turbine installation,4,3.74506,9.65462,1.58703,0.00000,1,Generated demonstration data. Limits are illustrative and must not be used for real lifting operations.
DEMO-1234,Turbine installation,5,2.09248,19.75529,0.81771,1.00000,1,Generated demonstration data. Limits are illustrative and must not be used for real lifting operations.
DEMO-1235,Turbine installation,1,12.90845,13.90845,0.79242,1.00000,1,Generated demonstration data. Limits are illustrative and must not be used for real lifting operations.
DEMO-1236,Turbine installation,3,3.39596,16.15419,1.78376,0.50000,1,Generated demonstration data. Limits are illustrative and must not be used for real lifting operations.
DEMO-1237,Turbine installation,2,7.54768,21.82563,2.39380,0.00000,0,Generated demonstration data. Limits are illustrative and must not be used for real lifting operations.
DEMO-1238,Turbine installation,5,14.86309,19.18148,2.33154,1.00000,0,Generated demonstration data. Limits are illustrative and must not be used for real lifting operations.
DEMO-1239,Turbine installation,6,0.18211,20.36542,2.60641,0.50000,1,Generated demonstration data. Limits are illustrative and must not be used for real lifting operations.
DEMO-1240,Turbine installation,8,8.34729,12.14518,0.87871,0.50000,1,Generated demonstration data. Limits are illustrative and must not be used for real lifting operations.
DEMO-1241,Turbine installation,4,7.68434,19.83630,1.39725,1.00000,1,Generated demonstration data. Limits are illustrative and must not be used for real lifting operations.
DEMO-1242,Turbine installation,7,12.11171,14.91497,0.02800,0.50000,1,Generated demonstration data. Limits are illustrative and must not be used for real lifting operations.
DEMO-1243,Turbine installation,2,5.32922,16.13372,2.24057,0.50000,1,Generated demonstration data. Limits are illustrative and must not be used for real lifting operations.
DEMO-1244,Turbine installation,7,6.15512,7.15512,0.90703,1.00000,0,Generated demonstration data. Limits are illustrative and must not be used for real lifting operations.
DEMO-1245,Turbine installation,5,2.51907,8.62793,1.68448,0.50000,1,Generated demonstration data. Limits are illustrative and must not be used for real lifting operations.
DEMO-1246,Turbine installation,7,11.11223,14.91736,0.50790,1.00000,1,Generated demonstration data. Limits are illustrative and must not be used for real lifting operations.
DEMO-1247,Turbine installation,7,11.77063,12.77063,2.45820,1.00000,0,Generated demonstration data. Limits are illustrative and must not be used for real lifting operations.
DEMO-1248,Turbine installation,5,2.04995,18.34604,2.45182,1.00000,1,Generated demonstration data. Limits are illustrative and must not be used for real lifting operations.
DEMO-1249,Turbine installation,3,5.90186,20.12103,2.63236,0.00000,0,Generated demonstration data. Limits are illustrative and must not be used for real lifting operations.
DEMO-1250,Turbine installation,5,13.39357,21.56652,0.13781,0.00000,0,Generated demonstration data. Limits are illustrative and must not be used for real lifting operations.
DEMO-1251,Turbine installation,7,0.04061,6.83183,2.97738,0.50000,1,Generated demonstration data. Limits are illustrative and must not be used for real lifting operations.
DEMO-1252,Turbine installation,8,4.48139,21.91496,0.74334,0.50000,0,Generated demonstration data. Limits are illustrative and must not be used for real lifting operations.
DEMO-1253,Turbine installation,8,8.32563,9.32563,0.92830,1.00000,1,Generated demonstration data. Limits are illustrative and must not be used for real lifting operations.
DEMO-1254,Turbine installation,2,5.01141,13.53301,0.74801,0.00000,1,Generated demonstration data. Limits are illustrative and must not be used for real lifting operations.
DEMO-1255,Turbine installation,5,4.08068,20.12452,0.80260,1.00000,1,Generated demonstration data. Limits are illustrative and must not be used for real lifting operations.
DEMO-1256,Turbine installation,1,6.90056,7.90056,1.65798,1.00000,1,Generated demonstration data. Limits are illustrative and must not be used for real lifting operations.
DEMO-1257,Turbine installation,6,2.72285,5.32816,0.71943,1.00000,1,Generated demonstration data. Limits are illustrative and must not be used for real lifting operations.
DEMO-1258,Turbine installation,8,7.94438,8.94438,1.18131,1.00000,1,Generated demonstration data. Limits are illustrative and must not be used for real lifting operations.
DEMO-1259,Turbine installation,1,10.60044,14.20286,1.96682,1.00000,1,Generated demonstration data. Limits are illustrative and must not be used for real lifting operations.
DEMO-1260,Turbine installation,6,8.62942,19.60874,2.50808,0.50000,0,Generated demonstration data. Limits are illustrative and must not be used for real lifting operations.
DEMO-1261,Turbine installation,8,1.39664,7.29368,2.07822,0.50000,1,Generated demonstration data. Limits are illustrative and must not be used for real lifting operations.
DEMO-1262,Turbine installation,7,12.66613,13.66613,1.78297,0.50000,0,Generated demonstration data. Limits are illustrative and must not be used for real lifting operations.
DEMO-1263,Turbine installation,4,2.62467,15.23384,0.44319,1.00000,1,Generated demonstration data. Limits are illustrative and must not be used for real lifting operations.
DEMO-1264,Turbine installation,1,11.47218,12.47218,2.44835,0.00000,1,Generated demonstration data. Limits are illustrative and must not be used for real lifting operations.
DEMO-1265,Turbine installation,8,5.40848,18.14385,0.11182,0.50000,0,Generated demonstration data. Limits are illustrative and must not be used for real lifting operations.
DEMO-1266,Turbine installation,8,11.74142,22.09344,0.79257,0.50000,0,Generated demonstration data. Limits are illustrative and must not be used for real lifting operations.
DEMO-1267,Turbine installation,5,3.09409,18.78860,0.17118,0.50000,1,Generated demonstration data. Limits are illustrative and must not be used for real lifting operations.
DEMO-1268,Turbine installation,8,2.79993,20.78916,2.00229,0.50000,1,Generated demonstration data. Limits are illustrative and must not be used for real lifting operations.
DEMO-1269,Turbine installation,1,7.45539,14.35255,1.10511,1.00000,1,Generated demonstration data. Limits are illustrative and must not be used for real lifting operations.
DEMO-1270,Turbine installation,5,0.49404,19.98175,1.95615,0.00000,1,Generated demonstration data. Limits are illustrative and must not be used for real lifting operations.
DEMO-1271,Turbine installation,1,3.37946,8.29226,1.04109,1.00000,1,Generated demonstration data. Limits are illustrative and must not be used for real lifting operations.
DEMO-1272,Turbine installation,8,10.86018,11.86018,1.36722,1.00000,0,Generated demonstration data. Limits are illustrative and must not be used for real lifting operations.
DEMO-1273,Turbine installation,6,12.56075,16.80716,1.37388,1.00000,0,Generated demonstration data. Limits are illustrative and must not be used for real lifting operations.
DEMO-1274,Turbine installation,8,1.21178,5.93515,0.13674,1.00000,1,Generated demonstration data. Limits are illustrative and must not be used for real lifting operations.
DEMO-1275,Turbine installation,5,13.23117,21.06467,1.29068,0.50000,0,Generated demonstration data. Limits are illustrative and must not be used for real lifting operations.
DEMO-1276,Turbine installation,1,11.96276,17.44797,1.92319,0.00000,0,Generated demonstration data. Limits are illustrative and must not be used for real lifting operations.
DEMO-1277,Turbine installation,1,13.04526,22.13961,1.63816,0.50000,0,Generated demonstration data. Limits are illustrative and must not be used for real lifting operations.
DEMO-1278,Turbine installation,3,10.47643,11.47643,0.22585,0.00000,1,Generated demonstration data. Limits are illustrative and must not be used for real lifting operations.
DEMO-1279,Turbine installation,6,10.11230,13.75085,2.00417,0.00000,0,Generated demonstration data. Limits are illustrative and must not be used for real lifting operations.
DEMO-1280,Turbine installation,2,7.87640,18.35043,0.92659,1.00000,1,Generated demonstration data. Limits are illustrative and must not be used for real lifting operations.
DEMO-1281,Turbine installation,7,9.79181,10.79181,0.04330,0.50000,1,Generated demonstration data. Limits are illustrative and must not be used for real lifting operations.
DEMO-1282,Turbine installation,2,13.78664,14.78664,0.46679,0.50000,0,Generated demonstration data. Limits are illustrative and must not be used for real lifting operations.
DEMO-1283,Turbine installation,4,1.50783,16.87041,1.49268,1.00000,1,Generated demonstration data. Limits are illustrative and must not be used for real lifting operations.
DEMO-1284,Turbine installation,2,4.73647,22.61856,0.93120,0.00000,1,Generated demonstration data. Limits are illustrative and must not be used for real lifting operations.
DEMO-1285,Turbine installation,4,1.08682,18.40466,2.08315,1.00000,1,Generated demonstration data. Limits are illustrative and must not be used for real lifting operations.
DEMO-1286,Turbine installation,4,14.17208,15.17208,0.72196,0.50000,0,Generated demonstration data. Limits are illustrative and must not be used for real lifting operations.
DEMO-1287,Turbine installation,1,6.67898,13.55600,2.31839,0.50000,1,Generated demonstration data. Limits are illustrative and must not be used for real lifting operations.
DEMO-1288,Turbine installation,5,10.13017,15.59787,0.85943,0.50000,0,Generated demonstration data. Limits are illustrative and must not be used for real lifting operations.
DEMO-1289,Turbine installation,7,12.61680,13.61680,1.86259,0.50000,1,Generated demonstration data. Limits are illustrative and must not be used for real lifting operations.
DEMO-1290,Turbine installation,8,14.86500,15.86500,2.39765,0.50000,1,Generated demonstration data. Limits are illustrative and must not be used for real lifting operations.
DEMO-1291,Turbine installation,3,2.42674,10.11210,1.15667,0.50000,1,Generated demonstration data. Limits are illustrative and must not be used for real lifting operations.
DEMO-1292,Turbine installation,8,11.99269,12.99269,0.14041,0.00000,1,Generated demonstration data. Limits are illustrative and must not be used for real lifting operations.
DEMO-1293,Turbine installation,8,13.31134,14.31134,1.60634,0.00000,1,Generated demonstration data. Limits are illustrative and must not be used for real lifting operations.
DEMO-1294,Turbine installation,8,0.73313,7.98140,2.98623,0.50000,1,Generated demonstration data. Limits are illustrative and must not be used for real lifting operations.
DEMO-1295,Turbine installation,3,11.31136,15.62967,2.90698,0.00000,0,Generated demonstration data. Limits are illustrative and must not be used for real lifting operations.
DEMO-1296,Turbine installation,7,5.32088,8.05454,0.66307,0.50000,1,Generated demonstration data. Limits are illustrative and must not be used for real lifting operations.
DEMO-1297,Turbine installation,5,9.72895,18.02471,2.26709,1.00000,0,Generated demonstration data. Limits are illustrative and must not be used for real lifting operations.
DEMO-1298,Turbine installation,1,7.71072,8.71072,1.03486,0.00000,1,Generated demonstration data. Limits are illustrative and must not be used for real lifting operations.
DEMO-1299,Turbine installation,3,3.89613,21.13313,0.48082,0.00000,1,Generated demonstration data. Limits are illustrative and must not be used for real lifting operations.
DEMO-1300,Turbine installation,6,2.02832,5.47177,1.99774,0.00000,1,Generated demonstration data. Limits are illustrative and must not be used for real lifting operations.
DEMO-1301,Turbine installation,2,1.75421,14.39595,1.50261,1.00000,1,Generated demonstration data. Limits are illustrative and must not be used for real lifting operations.
DEMO-1302,Turbine installation,4,1.54984,10.76189,1.61769,1.00000,1,Generated demonstration data. Limits are illustrative and must not be used for real lifting operations.
DEMO-1303,Turbine installation,7,9.56685,10.56685,2.48218,0.00000,1,Generated demonstration data. Limits are illustrative and must not be used for real lifting operations.
DEMO-1304,Turbine installation,2,5.27116,13.48885,1.00963,0.50000,1,Generated demonstration data. Limits are illustrative and must not be used for real lifting operations.
DEMO-1305,Turbine installation,4,3.24950,20.15635,2.00128,1.00000,1,Generated demonstration data. Limits are illustrative and must not be used for real lifting operations.
DEMO-1306,Turbine installation,2,10.37828,21.47499,1.09857,1.00000,1,Generated demonstration data. Limits are illustrative and must not be used for real lifting operations.
DEMO-1307,Turbine installation,5,10.30274,11.30274,0.12817,0.50000,0,Generated demonstration data. Limits are illustrative and must not be used for real lifting operations.
DEMO-1308,Turbine installation,2,8.08752,9.08752,1.13405,0.00000,1,Generated demonstration data. Limits are illustrative and must not be used for real lifting operations.
DEMO-1309,Turbine installation,8,14.02437,17.96253,2.85010,1.00000,0,Generated demonstration data. Limits are illustrative and must not be used for real lifting operations.
DEMO-1310,Turbine installation,1,5.78121,15.47598,1.44979,1.00000,1,Generated demonstration data. Limits are illustrative and must not be used for real lifting operations.
DEMO-1311,Turbine installation,8,12.53794,13.53794,0.32469,0.50000,0,Generated demonstration data. Limits are illustrative and must not be used for real lifting operations.
DEMO-1312,Turbine installation,7,1.12709,18.68532,2.06348,0.00000,1,Generated demonstration data. Limits are illustrative and must not be used for real lifting operations.
DEMO-1313,Turbine installation,7,11.09747,14.34075,2.89014,1.00000,0,Generated demonstration data. Limits are illustrative and must not be used for real lifting operations.
DEMO-1314,Turbine installation,7,14.82671,16.76111,2.72384,0.00000,0,Generated demonstration data. Limits are illustrative and must not be used for real lifting operations.
DEMO-1315,Turbine installation,2,12.69897,13.69897,1.71588,1.00000,1,Generated demonstration data. Limits are illustrative and must not be used for real lifting operations.
DEMO-1316,Turbine installation,8,8.69497,12.90376,1.12884,1.00000,1,Generated demonstration data. Limits are illustrative and must not be used for real lifting operations.
DEMO-1317,Turbine installation,5,9.40149,10.40149,1.74203,0.50000,1,Generated demonstration data. Limits are illustrative and must not be used for real lifting operations.
DEMO-1318,Turbine installation,8,5.29934,18.61729,2.44779,0.50000,0,Generated demonstration data. Limits are illustrative and must not be used for real lifting operations.
DEMO-1319,Turbine installation,8,10.19228,11.19228,2.58371,0.00000,0,Generated demonstration data. Limits are illustrative and must not be used for real lifting operations.
DEMO-1320,Turbine installation,5,11.55593,19.00945,2.45653,1.00000,0,Generated demonstration data. Limits are illustrative and must not be used for real lifting operations.
DEMO-1321,Turbine installation,3,14.97343,19.36414,1.36643,0.00000,0,Generated demonstration data. Limits are illustrative and must not be used for real lifting operations.
DEMO-1322,Turbine installation,1,7.38694,18.43882,0.35657,0.00000,1,Generated demonstration data. Limits are illustrative and must not be used for real lifting operations.
DEMO-1323,Turbine installation,1,0.91956,5.34961,1.70752,1.00000,1,Generated demonstration data. Limits are illustrative and must not be used for real lifting operations.
DEMO-1324,Turbine installation,4,8.93787,9.93787,0.46929,1.00000,1,Generated demonstration data. Limits are illustrative and must not be used for real lifting operations.
DEMO-1325,Turbine installation,7,1.78536,13.43008,0.18288,0.50000,0,Generated demonstration data. Limits are illustrative and must not be used for real lifting operations.
DEMO-1326,Turbine installation,5,3.67148,15.71980,1.49600,0.50000,0,Generated demonstration data. Limits are illustrative and must not be used for real lifting operations.
DEMO-1327,Turbine installation,4,4.93170,21.54600,1.96612,0.50000,1,Generated demonstration data. Limits are illustrative and must not be used for real lifting operations.
DEMO-1328,Turbine installation,2,10.96545,11.96545,2.56244,0.00000,0,Generated demonstration data. Limits are illustrative and must not be used for real lifting operations.
DEMO-1329,Turbine installation,5,2.75712,20.75042,2.34851,0.50000,0,Generated demonstration data. Limits are illustrative and must not be used for real lifting operations.
DEMO-1330,Turbine installation,6,2.48629,7.94173,2.57172,1.00000,1,Generated demonstration data. Limits are illustrative and must not be used for real lifting operations.
DEMO-1331,Turbine installation,8,0.67446,11.68305,2.28021,0.50000,1,Generated demonstration data. Limits are illustrative and must not be used for real lifting operations.
DEMO-1332,Turbine installation,6,13.09860,14.09860,2.10972,1.00000,1,Generated demonstration data. Limits are illustrative and must not be used for real lifting operations.
DEMO-1333,Turbine installation,5,10.40258,18.36481,0.03041,1.00000,1,Generated demonstration data. Limits are illustrative and must not be used for real lifting operations.
DEMO-1334,Turbine installation,8,0.59920,7.71175,1.87831,1.00000,1,Generated demonstration data. Limits are illustrative and must not be used for real lifting operations.
DEMO-1335,Turbine installation,4,0.42438,9.62636,0.36145,1.00000,1,Generated demonstration data. Limits are illustrative and must not be used for real lifting operations.
DEMO-1336,Turbine installation,8,8.38011,18.95420,0.17600,1.00000,0,Generated demonstration data. Limits are illustrative and must not be used for real lifting operations.
DEMO-1337,Turbine installation,3,4.23802,14.62490,0.46924,1.00000,0,Generated demonstration data. Limits are illustrative and must not be used for real lifting operations.
DEMO-1338,Turbine installation,2,8.95090,9.95090,2.46988,1.00000,0,Generated demonstration data. Limits are illustrative and must not be used for real lifting operations.
DEMO-1339,Turbine installation,4,6.51906,7.51906,2.23155,1.00000,1,Generated demonstration data. Limits are illustrative and must not be used for real lifting operations.
DEMO-1340,Turbine installation,2,13.84969,14.84969,2.84632,1.00000,1,Generated demonstration data. Limits are illustrative and must not be used for real lifting operations.
DEMO-1341,Turbine installation,1,4.31714,10.48920,2.93693,1.00000,1,Generated demonstration data. Limits are illustrative and must not be used for real lifting operations.
DEMO-1342,Turbine installation,8,10.18718,11.18718,2.67985,1.00000,0,Generated demonstration data. Limits are illustrative and must not be used for real lifting operations.
DEMO-1343,Turbine installation,7,0.81081,16.04469,0.39878,0.50000,1,Generated demonstration data. Limits are illustrative and must not be used for real lifting operations.
DEMO-1344,Turbine installation,2,14.33791,15.33791,2.63515,1.00000,0,Generated demonstration data. Limits are illustrative and must not be used for real lifting operations.
DEMO-1345,Turbine installation,7,14.71136,15.71136,2.51591,1.00000,0,Generated demonstration data. Limits are illustrative and must not be used for real lifting operations.
DEMO-1346,Turbine installation,1,11.08612,12.08612,2.61326,0.50000,1,Generated demonstration data. Limits are illustrative and must not be used for real lifting operations.
DEMO-1347,Turbine installation,3,6.97819,8.36143,0.45506,0.00000,1,Generated demonstration data. Limits are illustrative and must not be used for real lifting operations.
DEMO-1348,Turbine installation,6,3.29990,7.48589,0.35038,1.00000,1,Generated demonstration data. Limits are illustrative and must not be used for real lifting operations.
DEMO-1349,Turbine installation,3,12.18775,13.18775,2.77143,0.50000,0,Generated demonstration data. Limits are illustrative and must not be used for real lifting operations.
DEMO-1350,Turbine installation,6,11.04531,12.04531,0.52148,0.50000,1,Generated demonstration data. Limits are illustrative and must not be used for real lifting operations.
DEMO-1351,Turbine installation,7,3.32931,10.54629,1.10587,1.00000,1,Generated demonstration data. Limits are illustrative and must not be used for real lifting operations.
DEMO-1352,Turbine installation,1,6.76823,21.23518,1.36795,0.00000,1,Generated demonstration data. Limits are illustrative and must not be used for real lifting operations.
DEMO-1353,Turbine installation,1,6.94198,19.96452,0.37333,0.50000,0,Generated demonstration data. Limits are illustrative and must not be used for real lifting operations.
DEMO-1354,Turbine installation,8,12.39616,13.39616,0.06190,0.00000,0,Generated demonstration data. Limits are illustrative and must not be used for real lifting operations.
DEMO-1355,Turbine installation,5,10.25767,15.36501,2.98227,0.00000,0,Generated demonstration data. Limits are illustrative and must not be used for real lifting operations.
DEMO-1356,Turbine installation,5,9.64751,15.21249,2.62997,1.00000,0,Generated demonstration data. Limits are illustrative and must not be used for real lifting operations.
DEMO-1357,Turbine installation,4,9.74741,19.91728,2.73701,0.50000,0,Generated demonstration data. Limits are illustrative and must not be used for real lifting operations.
DEMO-1358,Turbine installation,4,4.05705,9.25322,0.85369,0.00000,1,Generated demonstration data. Limits are illustrative and must not be used for real lifting operations.
DEMO-1359,Turbine installation,6,5.57567,10.33497,0.66030,0.50000,0,Generated demonstration data. Limits are illustrative and must not be used for real lifting operations.
DEMO-1360,Turbine installation,5,0.68493,10.43214,1.27760,0.00000,1,Generated demonstration data. Limits are illustrative and must not be used for real lifting operations.
DEMO-1361,Turbine installation,2,11.80412,12.80412,1.35996,1.00000,1,Generated demonstration data. Limits are illustrative and must not be used for real lifting operations.
DEMO-1362,Turbine installation,6,6.49497,10.66438,0.01680,0.00000,1,Generated demonstration data. Limits are illustrative and must not be used for real lifting operations.
DEMO-1363,Turbine installation,6,6.57358,20.80245,2.33776,0.50000,1,Generated demonstration data. Limits are illustrative and must not be used for real lifting operations.
DEMO-1364,Turbine installation,1,3.68034,21.41578,2.99000,0.50000,1,Generated demonstration data. Limits are illustrative and must not be used for real lifting operations.
DEMO-1365,Turbine installation,4,3.14141,6.97344,1.58607,0.00000,1,Generated demonstration data. Limits are illustrative and must not be used for real lifting operations.
DEMO-1366,Turbine installation,7,8.81733,13.24505,1.16478,1.00000,1,Generated demonstration data. Limits are illustrative and must not be used for real lifting operations.
DEMO-1367,Turbine installation,5,3.48830,11.86428,1.17826,0.50000,1,Generated demonstration data. Limits are illustrative and must not be used for real lifting operations.
DEMO-1368,Turbine installation,2,0.96313,13.80847,0.28823,0.50000,1,Generated demonstration data. Limits are illustrative and must not be used for real lifting operations.
DEMO-1369,Turbine installation,1,11.51261,14.98495,0.79849,0.50000,1,Generated demonstration data. Limits are illustrative and must not be used for real lifting operations.
DEMO-1370,Turbine installation,5,5.64704,6.64704,1.50640,1.00000,1,Generated demonstration data. Limits are illustrative and must not be used for real lifting operations.
DEMO-1371,Turbine installation,4,5.70353,20.16036,1.29554,0.00000,0,Generated demonstration data. Limits are illustrative and must not be used for real lifting operations.
DEMO-1372,Turbine installation,8,6.46977,22.52595,1.63510,1.00000,1,Generated demonstration data. Limits are illustrative and must not be used for real lifting operations.
DEMO-1373,Turbine installation,5,12.22567,16.76129,2.54720,0.50000,1,Generated demonstration data. Limits are illustrative and must not be used for real lifting operations.
DEMO-1374,Turbine installation,8,4.81255,16.88814,0.67573,0.00000,0,Generated demonstration data. Limits are illustrative and must not be used for real lifting operations.
DEMO-1375,Turbine installation,2,11.37054,14.50364,0.08299,0.50000,1,Generated demonstration data. Limits are illustrative and must not be used for real lifting operations.
DEMO-1376,Turbine installation,4,14.09317,15.09317,0.11468,1.00000,1,Generated demonstration data. Limits are illustrative and must not be used for real lifting operations.
DEMO-1377,Turbine installation,2,9.91302,10.91302,0.40251,0.00000,0,Generated demonstration data. Limits are illustrative and must not be used for real lifting operations.
DEMO-1378,Turbine installation,5,6.47522,15.51314,1.71145,0.50000,0,Generated demonstration data. Limits are illustrative and must not be used for real lifting operations.
DEMO-1379,Turbine installation,2,11.21685,12.21685,2.42455,0.50000,0,Generated demonstration data. Limits are illustrative and must not be used for real lifting operations.
DEMO-1380,Turbine installation,4,6.86846,19.84105,2.66042,1.00000,1,Generated demonstration data. Limits are illustrative and must not be used for real lifting operations.
DEMO-1381,Turbine installation,3,6.21641,12.57641,1.90534,0.50000,0,Generated demonstration data. Limits are illustrative and must not be used for real lifting operations.
DEMO-1382,Turbine installation,2,7.87925,12.46558,1.20943,1.00000,1,Generated demonstration data. Limits are illustrative and must not be used for real lifting operations.
DEMO-1383,Turbine installation,1,4.76584,10.88908,0.46354,1.00000,1,Generated demonstration data. Limits are illustrative and must not be used for real lifting operations.
DEMO-1384,Turbine installation,5,1.56375,22.44837,1.20426,1.00000,0,Generated demonstration data. Limits are illustrative and must not be used for real lifting operations.
DEMO-1385,Turbine installation,8,6.22278,8.14851,0.99725,0.50000,1,Generated demonstration data. Limits are illustrative and must not be used for real lifting operations.
DEMO-1386,Turbine installation,2,1.85785,7.72354,2.61008,1.00000,1,Generated demonstration data. Limits are illustrative and must not be used for real lifting operations.
DEMO-1387,Turbine installation,4,6.15662,7.97957,1.46016,0.00000,1,Generated demonstration data. Limits are illustrative and must not be used for real lifting operations.
DEMO-1388,Turbine installation,2,8.35401,16.85349,0.67859,1.00000,1,Generated demonstration data. Limits are illustrative and must not be used for real lifting operations.
DEMO-1389,Turbine installation,7,13.96067,22.85412,0.86640,1.00000,0,Generated demonstration data. Limits are illustrative and must not be used for real lifting operations.
DEMO-1390,Turbine installation,4,0.54333,9.23855,0.40941,0.00000,1,Generated demonstration data. Limits are illustrative and must not be used for real lifting operations.
DEMO-1391,Turbine installation,8,9.32188,21.30111,2.75576,0.50000,0,Generated demonstration data. Limits are illustrative and must not be used for real lifting operations.
DEMO-1392,Turbine installation,2,6.86603,10.01510,0.15104,1.00000,1,Generated demonstration data. Limits are illustrative and must not be used for real lifting operations.
DEMO-1393,Turbine installation,1,0.30392,16.66220,0.03854,0.00000,1,Generated demonstration data. Limits are illustrative and must not be used for real lifting operations.
DEMO-1394,Turbine installation,5,3.74322,5.72898,0.54897,1.00000,1,Generated demonstration data. Limits are illustrative and must not be used for real lifting operations.
DEMO-1395,Turbine installation,6,1.77728,13.92177,2.43262,1.00000,1,Generated demonstration data. Limits are illustrative and must not be used for real lifting operations.
DEMO-1396,Turbine installation,8,3.25191,16.78226,1.57040,1.00000,1,Generated demonstration data. Limits are illustrative and must not be used for real lifting operations.
DEMO-1397,Turbine installation,7,4.11855,14.65376,1.87753,0.00000,0,Generated demonstration data. Limits are illustrative and must not be used for real lifting operations.
DEMO-1398,Turbine installation,8,6.01960,9.28104,1.07320,1.00000,1,Generated demonstration data. Limits are illustrative and must not be used for real lifting operations.
DEMO-1399,Turbine installation,6,7.93559,19.91295,0.20603,1.00000,1,Generated demonstration data. Limits are illustrative and must not be used for real lifting operations.
DEMO-1400,Turbine installation,3,0.01485,22.46246,2.56847,0.00000,0,Generated demonstration data. Limits are illustrative and must not be used for real lifting operations.
DEMO-1401,Turbine installation,4,2.42804,13.26553,0.57568,1.00000,1,Generated demonstration data. Limits are illustrative and must not be used for real lifting operations.
DEMO-1402,Turbine installation,2,1.40350,16.44655,0.09918,0.50000,1,Generated demonstration data. Limits are illustrative and must not be used for real lifting operations.
DEMO-1403,Turbine installation,4,8.24510,19.22744,1.71811,1.00000,0,Generated demonstration data. Limits are illustrative and must not be used for real lifting operations.
DEMO-1404,Turbine installation,3,4.93612,9.34680,0.24987,0.00000,1,Generated demonstration data. Limits are illustrative and must not be used for real lifting operations.
DEMO-1405,Turbine installation,1,8.22597,20.56011,0.28729,1.00000,1,Generated demonstration data. Limits are illustrative and must not be used for real lifting operations.
DEMO-1406,Turbine installation,2,3.32735,10.04362,2.40113,0.50000,1,Generated demonstration data. Limits are illustrative and must not be used for real lifting operations.
DEMO-1407,Turbine installation,5,0.36344,18.96495,1.47483,0.00000,0,Generated demonstration data. Limits are illustrative and must not be used for real lifting operations.
DEMO-1408,Turbine installation,3,14.12050,15.12050,0.72453,0.50000,1,Generated demonstration data. Limits are illustrative and must not be used for real lifting operations.
DEMO-1409,Turbine installation,8,1.62462,10.19096,1.04588,1.00000,1,Generated demonstration data. Limits are illustrative and must not be used for real lifting operations.
DEMO-1410,Turbine installation,4,1.90288,14.60516,2.18772,1.00000,1,Generated demonstration data. Limits are illustrative and must not be used for real lifting operations.
DEMO-1411,Turbine installation,8,2.19820,14.44860,0.19906,0.00000,1,Generated demonstration data. Limits are illustrative and must not be used for real lifting operations.
DEMO-1412,Turbine installation,6,14.71915,20.30776,0.34944,1.00000,0,Generated demonstration data. Limits are illustrative and must not be used for real lifting operations.
DEMO-1413,Turbine installation,1,9.26490,22.93029,1.84879,0.50000,1,Generated demonstration data. Limits are illustrative and must not be used for real lifting operations.
DEMO-1414,Turbine installation,2,9.15435,10.15435,1.82092,0.00000,0,Generated demonstration data. Limits are illustrative and must not be used for real lifting operations.
DEMO-1415,Turbine installation,6,14.80047,15.80047,2.91739,0.50000,0,Generated demonstration data. Limits are illustrative and must not be used for real lifting operations.
DEMO-1416,Turbine installation,5,1.32658,11.43677,1.12365,1.00000,1,Generated demonstration data. Limits are illustrative and must not be used for real lifting operations.
DEMO-1417,Turbine installation,3,14.61751,15.61751,0.19523,0.00000,1,Generated demonstration data. Limits are illustrative and must not be used for real lifting operations.
DEMO-1418,Turbine installation,5,3.06020,13.89038,1.61261,0.00000,0,Generated demonstration data. Limits are illustrative and must not be used for real lifting operations.
DEMO-1419,Turbine installation,8,9.34607,20.41151,1.91504,0.00000,0,Generated demonstration data. Limits are illustrative and must not be used for real lifting operations.
DEMO-1420,Turbine installation,4,6.30125,18.87007,0.41881,0.50000,1,Generated demonstration data. Limits are illustrative and must not be used for real lifting operations.
DEMO-1421,Turbine installation,1,5.75928,6.75928,1.65859,0.00000,1,Generated demonstration data. Limits are illustrative and must not be used for real lifting operations.
DEMO-1422,Turbine installation,3,13.96865,14.96865,0.59330,1.00000,0,Generated demonstration data. Limits are illustrative and must not be used for real lifting operations.
DEMO-1423,Turbine installation,8,2.23842,16.12533,2.53419,0.00000,1,Generated demonstration data. Limits are illustrative and must not be used for real lifting operations.
DEMO-1424,Turbine installation,7,14.95604,15.95604,2.50548,0.00000,0,Generated demonstration data. Limits are illustrative and must not be used for real lifting operations.
DEMO-1425,Turbine installation,7,5.68688,7.35161,1.28889,0.00000,1,Generated demonstration data. Limits are illustrative and must not be used for real lifting operations.
DEMO-1426,Turbine installation,8,9.73162,12.15453,2.90023,1.00000,1,Generated demonstration data. Limits are illustrative and must not be used for real lifting operations.
DEMO-1427,Turbine installation,1,14.51860,15.51860,2.93932,1.00000,0,Generated demonstration data. Limits are illustrative and must not be used for real lifting operations.
DEMO-1428,Turbine installation,3,0.86402,8.37889,0.38775,0.00000,1,Generated demonstration data. Limits are illustrative and must not be used for real lifting operations.
DEMO-1429,Turbine installation,1,13.84297,18.61353,1.10314,0.50000,0,Generated demonstration data. Limits are illustrative and must not be used for real lifting operations.
DEMO-1430,Turbine installation,1,8.51717,10.78521,1.80096,1.00000,1,Generated demonstration data. Limits are illustrative and must not be used for real lifting operations.
DEMO-1431,Turbine installation,7,10.56595,15.60177,0.25451,1.00000,1,Generated demonstration data. Limits are illustrative and must not be used for real lifting operations.
DEMO-1432,Turbine installation,8,2.23776,14.28314,1.14797,0.00000,1,Generated demonstration data. Limits are illustrative and must not be used for real lifting operations.
DEMO-1433,Turbine installation,2,8.00081,20.79369,0.78352,1.00000,1,Generated demonstration data. Limits are illustrative and must not be used for real lifting operations.
DEMO-1434,Turbine installation,6,10.10271,11.10271,2.85615,1.00000,0,Generated demonstration data. Limits are illustrative and must not be used for real lifting operations.
DEMO-1435,Turbine installation,5,6.84371,7.84371,1.23476,1.00000,1,Generated demonstration data. Limits are illustrative and must not be used for real lifting operations.
DEMO-1436,Turbine installation,1,2.32478,10.40575,2.28801,0.50000,1,Generated demonstration data. Limits are illustrative and must not be used for real lifting operations.
DEMO-1437,Turbine installation,8,3.66179,12.76187,1.16012,0.50000,0,Generated demonstration data. Limits are illustrative and must not be used for real lifting operations.
DEMO-1438,Turbine installation,7,12.81589,13.81589,0.39544,1.00000,1,Generated demonstration data. Limits are illustrative and must not be used for real lifting operations.
DEMO-1439,Turbine installation,5,0.51706,18.73737,2.58945,1.00000,1,Generated demonstration data. Limits are illustrative and must not be used for real lifting operations.
DEMO-1440,Turbine installation,6,10.63293,11.63293,0.00125,0.50000,1,Generated demonstration data. Limits are illustrative and must not be used for real lifting operations.
DEMO-1441,Turbine installation,4,14.99085,15.99085,0.16782,1.00000,1,Generated demonstration data. Limits are illustrative and must not be used for real lifting operations.
DEMO-1442,Turbine installation,7,0.11224,12.44840,1.09315,0.50000,1,Generated demonstration data. Limits are illustrative and must not be used for real lifting operations.
DEMO-1443,Turbine installation,4,2.41569,18.92083,2.06069,1.00000,0,Generated demonstration data. Limits are illustrative and must not be used for real lifting operations.
DEMO-1444,Turbine installation,8,10.11216,20.31011,1.02511,0.00000,0,Generated demonstration data. Limits are illustrative and must not be used for real lifting operations.
DEMO-1445,Turbine installation,1,0.89986,18.20021,0.19894,1.00000,1,Generated demonstration data. Limits are illustrative and must not be used for real lifting operations.
DEMO-1446,Turbine installation,2,8.84685,15.04196,0.95352,0.50000,0,Generated demonstration data. Limits are illustrative and must not be used for real lifting operations.
DEMO-1447,Turbine installation,8,10.26000,18.03545,0.73494,0.50000,0,Generated demonstration data. Limits are illustrative and must not be used for real lifting operations.
DEMO-1448,Turbine installation,3,8.82220,17.26501,0.01626,0.00000,1,Generated demonstration data. Limits are illustrative and must not be used for real lifting operations.
DEMO-1449,Turbine installation,3,5.47777,9.21860,1.60441,0.50000,1,Generated demonstration data. Limits are illustrative and must not be used for real lifting operations.
DEMO-1450,Turbine installation,7,10.45923,14.91366,0.34994,0.00000,1,Generated demonstration data. Limits are illustrative and must not be used for real lifting operations.
DEMO-1451,Turbine installation,2,8.91442,18.87097,0.86249,1.00000,1,Generated demonstration data. Limits are illustrative and must not be used for real lifting operations.
DEMO-1452,Turbine installation,5,3.11456,10.70817,1.92357,1.00000,1,Generated demonstration data. Limits are illustrative and must not be used for real lifting operations.
DEMO-1453,Turbine installation,3,8.44703,16.77152,2.17535,0.50000,1,Generated demonstration data. Limits are illustrative and must not be used for real lifting operations.
DEMO-1454,Turbine installation,2,13.22861,14.22861,0.79037,1.00000,0,Generated demonstration data. Limits are illustrative and must not be used for real lifting operations.
DEMO-1455,Turbine installation,8,10.00250,14.05686,0.98758,1.00000,0,Generated demonstration data. Limits are illustrative and must not be used for real lifting operations.
DEMO-1456,Turbine installation,2,7.07687,8.07687,0.74073,0.00000,1,Generated demonstration data. Limits are illustrative and must not be used for real lifting operations.
DEMO-1457,Turbine installation,1,4.82376,16.99191,2.87067,0.00000,1,Generated demonstration data. Limits are illustrative and must not be used for real lifting operations.
DEMO-1458,Turbine installation,6,1.28829,20.58237,0.57156,0.00000,0,Generated demonstration data. Limits are illustrative and must not be used for real lifting operations.
DEMO-1459,Turbine installation,7,3.66941,7.54576,0.54954,0.00000,1,Generated demonstration data. Limits are illustrative and must not be used for real lifting operations.
DEMO-1460,Turbine installation,2,0.16780,11.58990,1.33511,0.50000,1,Generated demonstration data. Limits are illustrative and must not be used for real lifting operations.
DEMO-1461,Turbine installation,6,14.79939,15.79939,0.56792,0.50000,1,Generated demonstration data. Limits are illustrative and must not be used for real lifting operations.
DEMO-1462,Turbine installation,5,3.33723,5.53337,0.47013,0.50000,1,Generated demonstration data. Limits are illustrative and must not be used for real lifting operations.
DEMO-1463,Turbine installation,7,12.22314,22.81385,0.28764,0.00000,1,Generated demonstration data. Limits are illustrative and must not be used for real lifting operations.
DEMO-1464,Turbine installation,2,2.52967,13.88249,1.92051,1.00000,0,Generated demonstration data. Limits are illustrative and must not be used for real lifting operations.
DEMO-1465,Turbine installation,8,4.25402,11.39934,1.83625,1.00000,1,Generated demonstration data. Limits are illustrative and must not be used for real lifting operations.
DEMO-1466,Turbine installation,5,6.27416,9.94779,1.95049,0.50000,1,Generated demonstration data. Limits are illustrative and must not be used for real lifting operations.
DEMO-1467,Turbine installation,7,4.86608,22.64023,2.31990,0.00000,0,Generated demonstration data. Limits are illustrative and must not be used for real lifting operations.
DEMO-1468,Turbine installation,3,11.97526,12.97526,0.97907,0.50000,1,Generated demonstration data. Limits are illustrative and must not be used for real lifting operations.
DEMO-1469,Turbine installation,8,14.36540,18.06275,2.75527,1.00000,0,Generated demonstration data. Limits are illustrative and must not be used for real lifting operations.
DEMO-1470,Turbine installation,6,13.12942,14.12942,2.19961,1.00000,0,Generated demonstration data. Limits are illustrative and must not be used for real lifting operations.
DEMO-1471,Turbine installation,2,2.30367,6.26881,2.41413,0.00000,1,Generated demonstration data. Limits are illustrative and must not be used for real lifting operations.
DEMO-1472,Turbine installation,8,11.65033,17.29898,2.16289,1.00000,0,Generated demonstration data. Limits are illustrative and must not be used for real lifting operations.
DEMO-1473,Turbine installation,7,2.21920,5.02936,1.07537,1.00000,1,Generated demonstration data. Limits are illustrative and must not be used for real lifting operations.
DEMO-1474,Turbine installation,3,13.70072,17.16347,0.84910,0.50000,0,Generated demonstration data. Limits are illustrative and must not be used for real lifting operations.
DEMO-1475,Turbine installation,5,7.76818,9.50678,1.26755,0.50000,1,Generated demonstration data. Limits are illustrative and must not be used for real lifting operations.
DEMO-1476,Turbine installation,4,5.04572,18.42988,0.29109,0.50000,1,Generated demonstration data. Limits are illustrative and must not be used for real lifting operations.
DEMO-1477,Turbine installation,5,2.35538,18.85550,1.35384,0.00000,1,Generated demonstration data. Limits are illustrative and must not be used for real lifting operations.
DEMO-1478,Turbine installation,8,0.17714,18.03393,0.12942,0.50000,1,Generated demonstration data. Limits are illustrative and must not be used for real lifting operations.
DEMO-1479,Turbine installation,8,3.71920,5.44070,0.01184,0.00000,1,Generated demonstration data. Limits are illustrative and must not be used for real lifting operations.
DEMO-1480,Turbine installation,2,13.71030,17.66726,2.79450,0.00000,0,Generated demonstration data. Limits are illustrative and must not be used for real lifting operations.
DEMO-1481,Turbine installation,8,11.95893,22.82262,2.06801,0.50000,0,Generated demonstration data. Limits are illustrative and must not be used for real lifting operations.
DEMO-1482,Turbine installation,4,14.54691,15.54691,1.68554,0.50000,1,Generated demonstration data. Limits are illustrative and must not be used for real lifting operations.
DEMO-1483,Turbine installation,6,1.51142,9.93629,1.02331,1.00000,1,Generated demonstration data. Limits are illustrative and must not be used for real lifting operations.
DEMO-1484,Turbine installation,7,8.88268,19.64348,1.71161,0.50000,1,Generated demonstration data. Limits are illustrative and must not be used for real lifting operations.
DEMO-1485,Turbine installation,4,3.85726,7.88714,2.67473,1.00000,1,Generated demonstration data. Limits are illustrative and must not be used for real lifting operations.
DEMO-1486,Turbine installation,4,8.14413,16.89051,1.95714,1.00000,1,Generated demonstration data. Limits are illustrative and must not be used for real lifting operations.
DEMO-1487,Turbine installation,4,4.80682,18.59047,1.80745,0.50000,0,Generated demonstration data. Limits are illustrative and must not be used for real lifting operations.
DEMO-1488,Turbine installation,7,4.25198,5.66889,1.38061,1.00000,1,Generated demonstration data. Limits are illustrative and must not be used for real lifting operations.
DEMO-1489,Turbine installation,4,8.60768,14.96772,1.03709,0.50000,1,Generated demonstration data. Limits are illustrative and must not be used for real lifting operations.
DEMO-1490,Turbine installation,3,2.74977,15.36579,2.09564,0.50000,1,Generated demonstration data. Limits are illustrative and must not be used for real lifting operations.
DEMO-1491,Turbine installation,3,7.03700,10.46197,2.94294,0.00000,1,Generated demonstration data. Limits are illustrative and must not be used for real lifting operations.
DEMO-1492,Turbine installation,2,9.76218,20.77420,1.27427,0.00000,0,Generated demonstration data. Limits are illustrative and must not be used for real lifting operations.
DEMO-1493,Turbine installation,4,1.92273,7.92949,1.17662,0.50000,1,Generated demonstration data. Limits are illustrative and must not be used for real lifting operations.
DEMO-1494,Turbine installation,1,13.95891,14.95891,1.28434,0.00000,1,Generated demonstration data. Limits are illustrative and must not be used for real lifting operations.
DEMO-1495,Turbine installation,1,7.58587,20.27604,1.27663,0.50000,0,Generated demonstration data. Limits are illustrative and must not be used for real lifting operations.
DEMO-1496,Turbine installation,6,12.29292,13.29292,2.97187,0.00000,0,Generated demonstration data. Limits are illustrative and must not be used for real lifting operations.
DEMO-1497,Turbine installation,1,9.80858,19.78473,2.12033,0.00000,1,Generated demonstration data. Limits are illustrative and must not be used for real lifting operations.
DEMO-1498,Turbine installation,5,10.65001,11.65001,1.07755,0.50000,1,Generated demonstration data. Limits are illustrative and must not be used for real lifting operations.
DEMO-1499,Turbine installation,7,10.74196,13.80612,1.11451,0.50000,0,Generated demonstration data. Limits are illustrative and must not be used for real lifting operations.
DEMO-1500,Turbine installation,6,13.12650,14.12650,1.29239,1.00000,1,Generated demonstration data. Limits are illustrative and must not be used for real lifting operations.
DEMO-1501,Turbine installation,4,9.20408,17.20226,0.11014,1.00000,1,Generated demonstration data. Limits are illustrative and must not be used for real lifting operations.
DEMO-1502,Turbine installation,2,4.17326,19.23083,1.58345,1.00000,1,Generated demonstration data. Limits are illustrative and must not be used for real lifting operations.
DEMO-1503,Turbine installation,8,1.49264,20.29745,2.43414,0.00000,0,Generated demonstration data. Limits are illustrative and must not be used for real lifting operations.
DEMO-1504,Turbine installation,7,9.09376,22.66272,1.98170,0.50000,1,Generated demonstration data. Limits are illustrative and must not be used for real lifting operations.
DEMO-1505,Turbine installation,5,0.99529,17.09628,0.59526,0.00000,1,Generated demonstration data. Limits are illustrative and must not be used for real lifting operations.
DEMO-1506,Turbine installation,1,3.61940,18.84311,2.18410,0.00000,1,Generated demonstration data. Limits are illustrative and must not be used for real lifting operations.
DEMO-1507,Turbine installation,1,0.91061,14.10365,2.15838,0.00000,1,Generated demonstration data. Limits are illustrative and must not be used for real lifting operations.
DEMO-1508,Turbine installation,3,8.23331,21.42926,0.78762,0.50000,1,Generated demonstration data. Limits are illustrative and must not be used for real lifting operations.
DEMO-1509,Turbine installation,2,2.40507,16.58765,1.86862,0.00000,1,Generated demonstration data. Limits are illustrative and must not be used for real lifting operations.
DEMO-1510,Turbine installation,7,9.15611,20.90393,1.83285,0.50000,0,Generated demonstration data. Limits are illustrative and must not be used for real lifting operations.
DEMO-1511,Turbine installation,2,11.86298,12.86298,2.51936,0.00000,1,Generated demonstration data. Limits are illustrative and must not be used for real lifting operations.
DEMO-1512,Turbine installation,3,12.32821,13.94128,0.40822,0.50000,1,Generated demonstration data. Limits are illustrative and must not be used for real lifting operations.
DEMO-1513,Turbine installation,8,4.64315,18.13674,0.58452,0.50000,0,Generated demonstration data. Limits are illustrative and must not be used for real lifting operations.
DEMO-1514,Turbine installation,7,8.23432,9.23432,1.45791,0.00000,1,Generated demonstration data. Limits are illustrative and must not be used for real lifting operations.
DEMO-1515,Turbine installation,2,8.44516,9.44516,0.13244,0.00000,1,Generated demonstration data. Limits are illustrative and must not be used for real lifting operations.
DEMO-1516,Turbine installation,4,7.09331,22.60477,1.24678,1.00000,0,Generated demonstration data. Limits are illustrative and must not be used for real lifting operations.
DEMO-1517,Turbine installation,5,9.82671,12.82299,2.36466,1.00000,0,Generated demonstration data. Limits are illustrative and must not be used for real lifting operations.
DEMO-1518,Turbine installation,6,3.15131,8.27268,0.44614,0.00000,1,Generated demonstration data. Limits are illustrative and must not be used for real lifting operations.
DEMO-1519,Turbine installation,8,14.68865,15.68865,1.37985,1.00000,1,Generated demonstration data. Limits are illustrative and must not be used for real lifting operations.
DEMO-1520,Turbine installation,7,1.47120,12.15277,2.96931,0.00000,1,Generated demonstration data. Limits are illustrative and must not be used for real lifting operations.
DEMO-1521,Turbine installation,8,12.43832,16.21553,1.51776,1.00000,0,Generated demonstration data. Limits are illustrative and must not be used for real lifting operations.
DEMO-1522,Turbine installation,1,8.91144,21.61426,1.49497,0.00000,1,Generated demonstration data. Limits are illustrative and must not be used for real lifting operations.
DEMO-1523,Turbine installation,2,3.67282,22.75862,1.67638,0.50000,1,Generated demonstration data. Limits are illustrative and must not be used for real lifting operations.
DEMO-1524,Turbine installation,5,11.18513,16.73058,0.55801,0.00000,0,Generated demonstration data. Limits are illustrative and must not be used for real lifting operations.
DEMO-1525,Turbine installation,1,1.26721,17.59860,0.44149,0.00000,1,Generated demonstration data. Limits are illustrative and must not be used for real lifting operations.
DEMO-1526,Turbine installation,3,11.61627,12.61627,2.03206,0.50000,1,Generated demonstration data. Limits are illustrative and must not be used for real lifting operations.
DEMO-1527,Turbine installation,2,8.84978,20.42885,1.18730,0.00000,1,Generated demonstration data. Limits are illustrative and must not be used for real lifting operations.
DEMO-1528,Turbine installation,8,1.66125,8.92037,0.86972,0.50000,1,Generated demonstration data. Limits are illustrative and must not be used for real lifting operations.
DEMO-1529,Turbine installation,1,1.19258,6.91485,0.09417,0.00000,1,Generated demonstration data. Limits are illustrative and must not be used for real lifting operations.
DEMO-1530,Turbine installation,2,11.26255,22.51861,2.53815,0.00000,1,Generated demonstration data. Limits are illustrative and must not be used for real lifting operations.
DEMO-1531,Turbine installation,2,4.39404,20.55450,0.09699,1.00000,1,Generated demonstration data. Limits are illustrative and must not be used for real lifting operations.
DEMO-1532,Turbine installation,2,13.33953,14.33953,2.24995,1.00000,0,Generated demonstration data. Limits are illustrative and must not be used for real lifting operations.
DEMO-1533,Turbine installation,5,11.43110,17.15307,1.14597,1.00000,1,Generated demonstration data. Limits are illustrative and must not be used for real lifting operations.
DEMO-1534,Turbine installation,3,10.47285,13.40633,1.79606,0.00000,1,Generated demonstration data. Limits are illustrative and must not be used for real lifting operations.
DEMO-1535,Turbine installation,8,4.17909,10.81631,0.74303,0.50000,1,Generated demonstration data. Limits are illustrative and must not be used for real lifting operations.
DEMO-1536,Turbine installation,3,10.63417,11.63417,0.46620,0.00000,1,Generated demonstration data. Limits are illustrative and must not be used for real lifting operations.
DEMO-1537,Turbine installation,5,14.22222,15.22222,1.60016,0.00000,0,Generated demonstration data. Limits are illustrative and must not be used for real lifting operations.
DEMO-1538,Turbine installation,6,1.37340,14.88773,2.08685,0.50000,1,Generated demonstration data. Limits are illustrative and must not be used for real lifting operations.
DEMO-1539,Turbine installation,6,4.89244,13.03874,0.58648,0.50000,1,Generated demonstration data. Limits are illustrative and must not be used for real lifting operations.
DEMO-1540,Turbine installation,7,3.52008,14.21936,1.30908,0.50000,1,Generated demonstration data. Limits are illustrative and must not be used for real lifting operations.
DEMO-1541,Turbine installation,2,5.89875,8.87643,1.33396,0.00000,0,Generated demonstration data. Limits are illustrative and must not be used for real lifting operations.
DEMO-1542,Turbine installation,5,11.13499,21.89499,0.64794,1.00000,1,Generated demonstration data. Limits are illustrative and must not be used for real lifting operations.
DEMO-1543,Turbine installation,7,7.11364,16.49464,1.69515,1.00000,1,Generated demonstration data. Limits are illustrative and must not be used for real lifting operations.
DEMO-1544,Turbine installation,7,8.56096,21.19281,0.43781,0.00000,0,Generated demonstration data. Limits are illustrative and must not be used for real lifting operations.
DEMO-1545,Turbine installation,5,4.71232,6.96688,1.52925,0.00000,1,Generated demonstration data. Limits are illustrative and must not be used for real lifting operations.
DEMO-1546,Turbine installation,6,2.11934,16.21132,0.34029,0.50000,1,Generated demonstration data. Limits are illustrative and must not be used for real lifting operations.
DEMO-1547,Turbine installation,7,4.00400,20.29031,1.45663,0.50000,1,Generated demonstration data. Limits are illustrative and must not be used for real lifting operations.
DEMO-1548,Turbine installation,5,12.89520,13.89520,0.93480,1.00000,0,Generated demonstration data. Limits are illustrative and must not be used for real lifting operations.
DEMO-1549,Turbine installation,8,9.03625,10.03625,1.35674,0.50000,1,Generated demonstration data. Limits are illustrative and must not be used for real lifting operations.
DEMO-1550,Turbine installation,2,5.66983,9.77038,1.30125,0.00000,1,Generated demonstration data. Limits are illustrative and must not be used for real lifting operations.
DEMO-1551,Turbine installation,3,11.84859,12.84859,2.72380,0.00000,0,Generated demonstration data. Limits are illustrative and must not be used for real lifting operations.
DEMO-1552,Turbine installation,1,0.96686,13.04958,1.46981,0.00000,1,Generated demonstration data. Limits are illustrative and must not be used for real lifting operations.
DEMO-1553,Turbine installation,1,3.80837,10.86734,2.45550,0.50000,1,Generated demonstration data. Limits are illustrative and must not be used for real lifting operations.
DEMO-1554,Turbine installation,4,3.45155,9.88293,0.67696,0.00000,1,Generated demonstration data. Limits are illustrative and must not be used for real lifting operations.
DEMO-1555,Turbine installation,2,14.78047,16.67322,1.05625,1.00000,1,Generated demonstration data. Limits are illustrative and must not be used for real lifting operations.
DEMO-1556,Turbine installation,4,10.59148,11.59148,0.22527,1.00000,1,Generated demonstration data. Limits are illustrative and must not be used for real lifting operations.
DEMO-1557,Turbine installation,4,9.26679,11.12655,1.26224,0.00000,1,Generated demonstration data. Limits are illustrative and must not be used for real lifting operations.
DEMO-1558,Turbine installation,5,0.07477,17.41554,2.00610,1.00000,1,Generated demonstration data. Limits are illustrative and must not be used for real lifting operations.
DEMO-1559,Turbine installation,8,2.76465,8.16530,2.51450,0.50000,1,Generated demonstration data. Limits are illustrative and must not be used for real lifting operations.
DEMO-1560,Turbine installation,7,9.53312,10.53312,1.69774,0.00000,1,Generated demonstration data. Limits are illustrative and must not be used for real lifting operations.
DEMO-1561,Turbine installation,4,5.69579,8.61200,1.92022,0.50000,1,Generated demonstration data. Limits are illustrative and must not be used for real lifting operations.
DEMO-1562,Turbine installation,3,13.86421,14.86421,0.53180,0.50000,0,Generated demonstration data. Limits are illustrative and must not be used for real lifting operations.
DEMO-1563,Turbine installation,7,11.47086,13.52782,0.11162,0.00000,1,Generated demonstration data. Limits are illustrative and must not be used for real lifting operations.
DEMO-1564,Turbine installation,1,6.71076,7.71076,2.37506,1.00000,1,Generated demonstration data. Limits are illustrative and must not be used for real lifting operations.
DEMO-1565,Turbine installation,5,11.24272,12.24272,0.50111,0.00000,1,Generated demonstration data. Limits are illustrative and must not be used for real lifting operations.
DEMO-1566,Turbine installation,4,14.63106,22.90646,0.27351,0.00000,1,Generated demonstration data. Limits are illustrative and must not be used for real lifting operations.
DEMO-1567,Turbine installation,2,6.91471,21.53113,2.81269,0.00000,0,Generated demonstration data. Limits are illustrative and must not be used for real lifting operations.
DEMO-1568,Turbine installation,5,9.63789,10.63789,2.89056,0.00000,1,Generated demonstration data. Limits are illustrative and must not be used for real lifting operations.
DEMO-1569,Turbine installation,3,13.77997,14.77997,1.84877,0.00000,0,Generated demonstration data. Limits are illustrative and must not be used for real lifting operations.
DEMO-1570,Turbine installation,2,3.73012,13.34668,1.13591,0.50000,1,Generated demonstration data. Limits are illustrative and must not be used for real lifting operations.
DEMO-1571,Turbine installation,6,13.29837,20.19944,2.49972,0.50000,0,Generated demonstration data. Limits are illustrative and must not be used for real lifting operations.
DEMO-1572,Turbine installation,2,1.46317,19.44763,0.61416,0.00000,0,Generated demonstration data. Limits are illustrative and must not be used for real lifting operations.
DEMO-1573,Turbine installation,6,9.72672,10.72672,1.28818,1.00000,0,Generated demonstration data. Limits are illustrative and must not be used for real lifting operations.
DEMO-1574,Turbine installation,2,11.74257,12.74257,1.07105,1.00000,1,Generated demonstration data. Limits are illustrative and must not be used for real lifting operations.
DEMO-1575,Turbine installation,4,9.21909,12.50118,2.73810,1.00000,1,Generated demonstration data. Limits are illustrative and must not be used for real lifting operations.
DEMO-1576,Turbine installation,7,7.43302,20.66172,2.75933,0.50000,1,Generated demonstration data. Limits are illustrative and must not be used for real lifting operations.
DEMO-1577,Turbine installation,2,9.26021,20.87753,1.95266,1.00000,1,Generated demonstration data. Limits are illustrative and must not be used for real lifting operations.
DEMO-1578,Turbine installation,7,2.27496,6.93259,0.33222,0.50000,1,Generated demonstration data. Limits are illustrative and must not be used for real lifting operations.
DEMO-1579,Turbine installation,6,3.23356,15.33735,1.44658,0.50000,1,Generated demonstration data. Limits are illustrative and must not be used for real lifting operations.
DEMO-1580,Turbine installation,8,4.04849,7.80215,0.73599,0.00000,1,Generated demonstration data. Limits are illustrative and must not be used for real lifting operations.
DEMO-1581,Turbine installation,2,8.96669,17.35033,2.65475,1.00000,1,Generated demonstration data. Limits are illustrative and must not be used for real lifting operations.
DEMO-1582,Turbine installation,6,6.62852,21.49580,0.41521,0.00000,1,Generated demonstration data. Limits are illustrative and must not be used for real lifting operations.
DEMO-1583,Turbine installation,8,3.66714,13.18585,0.16293,0.50000,0,Generated demonstration data. Limits are illustrative and must not be used for real lifting operations.
DEMO-1584,Turbine installation,7,13.24214,14.24214,2.11329,1.00000,0,Generated demonstration data. Limits are illustrative and must not be used for real lifting operations.
DEMO-1585,Turbine installation,2,5.60883,15.42658,1.35986,0.00000,1,Generated demonstration data. Limits are illustrative and must not be used for real lifting operations.
DEMO-1586,Turbine installation,7,6.69048,12.35330,2.51509,0.50000,0,Generated demonstration data. Limits are illustrative and must not be used for real lifting operations.
DEMO-1587,Turbine installation,1,6.14552,19.59618,0.22389,0.00000,1,Generated demonstration data. Limits are illustrative and must not be used for real lifting operations.
DEMO-1588,Turbine installation,5,2.72914,11.12620,2.40323,0.50000,1,Generated demonstration data. Limits are illustrative and must not be used for real lifting operations.
DEMO-1589,Turbine installation,4,10.97441,20.74815,0.11200,0.50000,1,Generated demonstration data. Limits are illustrative and must not be used for real lifting operations.
DEMO-1590,Turbine installation,5,6.72687,9.92661,0.08421,0.00000,0,Generated demonstration data. Limits are illustrative and must not be used for real lifting operations.
DEMO-1591,Turbine installation,5,0.24386,7.83532,1.38395,1.00000,1,Generated demonstration data. Limits are illustrative and must not be used for real lifting operations.
DEMO-1592,Turbine installation,1,14.46021,15.46021,0.66387,0.50000,1,Generated demonstration data. Limits are illustrative and must not be used for real lifting operations.
DEMO-1593,Turbine installation,5,12.23645,13.23645,1.78116,0.50000,0,Generated demonstration data. Limits are illustrative and must not be used for real lifting operations.
DEMO-1594,Turbine installation,8,10.85339,11.85339,0.07745,1.00000,1,Generated demonstration data. Limits are illustrative and must not be used for real lifting operations.
DEMO-1595,Turbine installation,4,13.03638,16.88212,0.10617,0.00000,1,Generated demonstration data. Limits are illustrative and must not be used for real lifting operations.
DEMO-1596,Turbine installation,3,13.60211,14.60211,2.18145,0.50000,0,Generated demonstration data. Limits are illustrative and must not be used for real lifting operations.
DEMO-1597,Turbine installation,8,5.06235,7.00457,0.63050,1.00000,1,Generated demonstration data. Limits are illustrative and must not be used for real lifting operations.
DEMO-1598,Turbine installation,1,9.16438,10.16438,1.96925,0.50000,1,Generated demonstration data. Limits are illustrative and must not be used for real lifting operations.
DEMO-1599,Turbine installation,4,9.13212,10.13212,2.24977,0.00000,0,Generated demonstration data. Limits are illustrative and must not be used for real lifting operations.
